Image,Location name,ratings,comments,ratings(# reviews),location type
https://lh5.googleusercontent.com/p/AF1QipMQ1B8CKEKjIvX0DF21tnpiCKBSBuRb-y9ARxWs=w122-h92-k-no,Rower's Bay Park,4.4,Running (O),4.4(455),Park 
https://lh5.googleusercontent.com/p/AF1QipOI1rdHKU9TBTYR8E5pn-BWB8Hb-OLw0LvZxTgU=w163-h92-k-no,Lower Seletar Reservoir Park,4.5,Running (O),"4.5(2,325)",Park 
https://lh5.googleusercontent.com/p/AF1QipO9zHLsc1SGkJfiGw_DzhLarUE6RbQgdAEjyCE=w194-h92-k-no,Park Grove @ Yishun,4,Running (O),4.0(28),HDB Flats 
https://lh5.googleusercontent.com/p/AF1QipPS4HdbM-im-akEaehEwXtAy3dnLcfw_4T1_Vy9=w122-h92-k-no,Yishun Dam,4.4,Running (O),4.4(922),Tourist attraction 
https://lh5.googleusercontent.com/p/AF1QipP-T1n7dkKIuxJGs21YQqJ6Y7qq8maqwvWiAIIN=w92-h92-k-no,Everspring Park @ Yishun,4.3,"Running (O)
Basketball (O)
Football (O)",4.3(21),Park 
https://lh5.googleusercontent.com/p/AF1QipPBcOmfRnwqa7ZXKKWT_4vr5K-SC1ZqpCkT7p1I=w80-h106-k-no,Yishun N8 Park,4.8,"Running (O)
Football (O)",4.8(20),Park 
https://lh5.googleusercontent.com/p/AF1QipMDK1cE_YWTJ7p5ahdXpyz83nW49bQwvn4LTqLc=w122-h92-k-no,Springleaf Nature Park,4.4,Running (O),4.4(601),Park 
https://lh5.googleusercontent.com/p/AF1QipP3ppV0pKhUt8aAFDzb9vlPEpDofgHpTfcCgY8=w163-h92-k-no,Khatib Bongsu Park Connector,4.6,Running (O),4.6(10),Park 
https://lh5.googleusercontent.com/p/AF1QipPmrv9U1rztk1fiMZt-d_EZGCNwq_klfQCC9Upz=w122-h92-k-no,Yishun Green Link,3.8,Running (O),3.8(6),Park 
https://lh5.googleusercontent.com/p/AF1QipM-TkWepnzmo7JoMFiggtKsjU9tJIaC_HDW-mfJ=w163-h92-k-no,Yishun Neighbourhood Park,4.4,Running (O),4.4(737),Park 
https://lh5.googleusercontent.com/p/AF1QipMajpnjGgpHKcjtOsovLzkhy_zvoKBJvyJBcjNT=w122-h92-k-no,Yishun Nature Park @ Yishun Greenwalk,4.4,Running (O),4.4(169),Park 
https://lh5.googleusercontent.com/p/AF1QipPHLCk3Z0oXM_b9jE5-g12J0-Nj3tJYEpvJYBIJ=w163-h92-k-no,Yishun Town Garden,4.1,Running (O),4.1(36),Park 
https://lh5.googleusercontent.com/p/AF1QipMYbaHnNdvOIfdGRbw103Jm1QsT1GxPDKwoThf8=w122-h92-k-no,Yishun Pond Park,4.4,Running (O),4.4(182),Park 
https://lh5.googleusercontent.com/p/AF1QipN22ZZkIa9hX952rte19UN0wDTRUQafCSpmeu5W=w122-h92-k-no,Yishun Park,4.3,Running (O),4.3(422),Park 
https://lh5.googleusercontent.com/p/AF1QipO5J6hupWkQZvJ_w5RwsT3qAGVhrGUIturpeaKC=w122-h92-k-no,Swimming Pool (SAFRA Yishun),4.6,"Swimming (O)
Paid",4.6(42),Swimming pool 
https://lh5.googleusercontent.com/p/AF1QipOutk_Ah9gBY5plOaR6ziSouJZ_Qm7IXAaNDqqq=w122-h92-k-no,Yishun Swimming Complex,4,"Swimming (O)
Paid",4.0(748),Swimming pool 
https://lh5.googleusercontent.com/p/AF1QipMuGR4hjPYXP8XH2A1dGYjwXClS7HqqoJ9x_R4=w163-h92-k-no,Nee Soon Sports Centre,4.1,"Football 
Basketball
Paid",4.1(17),Sports complex 
https://lh5.googleusercontent.com/p/AF1QipN4Odls-8m8WeA05s5lVtTkKANUZ1JfKd98GQS3=w122-h92-k-no,FutsalArena @ Yishun,4.2,"Football 
Paid",4.2(248),Futsal court 
https://lh5.googleusercontent.com/p/AF1QipNNZ8wu4i7xrEMpIB6xHN3AOLGHzWPR4woQhAq-=w122-h92-k-no,Nee Soon East Park,4,"Running (O)
Basketball (O)",4.0(73),Park 
https://lh5.googleusercontent.com/p/AF1QipND4p7BTIN3a9AuyBuey8GYI0mUOYwJHV30IvWV=w163-h92-k-no,Rockridge Park @ Yishun,4.2,Running (O),4.2(84),Park 
https://lh5.googleusercontent.com/p/AF1QipMEnM6AQA9yanO6clbuaKXxvt4U8hXyjT7ODew5=w80-h142-k-no,Nee Soon Central Community Park,4.2,Running (O),4.2(154),Park 
https://lh5.googleusercontent.com/p/AF1QipPU__vslAejMAOIApk65Td88ccYLIEQqpCEvndg=w122-h92-k-no,Yishun ActiveSG Sports Hall,4.1,"Badminton
Paid",4.1(232),Sports complex 
https://lh5.googleusercontent.com/p/AF1QipMpiQZsUbVHjqq6OmpkG_EDxaTXpzF7HrVa7V5x=w135-h92-k-no,MPC @ Khatib,4.3,Basketball,4.3(46),Basketball court 
https://streetviewpixels-pa.googleapis.com/v1/thumbnail?panoid=v8XMkMXO9PMm87zYl0BiIA&cb_client=search.gws-prod.gps&w=80&h=92&yaw=31.371473&pitch=0&thumbfov=100,Sheltered Basketball Court @ Block 636,3,Basketball,3.0(1),Basketball court 
https://lh5.googleusercontent.com/p/AF1QipP8D6ZEUDamOw9e36FoEcR0EummzeY0lpDnDBC4=w80-h167-k-no,Basketball Court,3.5,Basketball (O),3.5(4),Basketball court 
https://lh5.googleusercontent.com/p/AF1QipN_3Otj6bURG1PwfSlZ3vv5qTSv6pZ--F1ld9cb=w80-h106-k-no,Yishun River Green Basketball Court,3.7,,3.7(19),Basketball court 
https://lh5.googleusercontent.com/p/AF1QipOpC0AS7aHd_yrNz7rfkf-eqUlOTKygVwixzuzL=w122-h92-k-no,The Gym Pod @ Marsiling Park,4.3,,4.3(7),Gym and Fitness Centre 
https://lh5.googleusercontent.com/p/AF1QipMGdsLHdj35uNVhabSbRyYjdaHXZ04-li6YvCeP=w122-h92-k-no,Block 46 Forestville,5,,5.0(1),Apartment building 
https://lh5.googleusercontent.com/p/AF1QipMQrLCXhah3D-khJjLPqMvP8c-x_3C6oGuzuCaj=w122-h92-k-no,Geylang Sports and Recreation Centre,3.5,"swimming (o)
basketball (i)
badminton (i)",3.5(8),Sports complex 
https://lh5.googleusercontent.com/p/AF1QipNZk0Vids7oJXzaLFnqDn4SzEI24AUbYO0vKgtV=w122-h92-k-no,Jurong West ActiveSG Sports Hall,4.4,badminton (i),4.4(191),Stadium 
https://lh5.googleusercontent.com/p/AF1QipPzIbDwId6jXOrIA8dv1SlXMGPN2O7rlzaqaRbY=w80-h106-k-no,Bedok ActiveSG Sports Hall,5,"gym (I)
badminton (I)",5.0(1),Sports complex 
https://lh5.googleusercontent.com/p/AF1QipMrsf_v8C-O6mPXdJSxvGfLgCfYnhRAuaQpKl3F=w163-h92-k-no,Woodlands ActiveSG Gym,4.3,gym (I),4.3(36),Gym and Fitness Centre 
https://lh5.googleusercontent.com/p/AF1QipMEK3DDUdbE-c2uWZP1IiVYJlx_NbQ1F1ep_VTL=w80-h142-k-no,Yishun ActiveSG Gym,4.1,"football (o)
running (o)
gym (i)",4.1(632),Gym and Fitness Centre 
https://lh5.googleusercontent.com/p/AF1QipMEgjFMUb2gdIl2TWm_1IpE9S4PAiTXzTcSWNde=w122-h92-k-no,Kallang Basin ActiveSG Swimming Complex,4,swimming (o),4.0(425),Swimming pool 
https://lh5.googleusercontent.com/p/AF1QipP4Y2sEaHmkAIcRWjf3tN-HpiaCgn7W8L_xizkk=w122-h92-k-no,Geylang East ActiveSG Swimming Complex,4.1,swimming (o),4.1(453),Swimming facility 
https://lh5.googleusercontent.com/p/AF1QipMyN2nhF7MOt3nLFCYGEqDtIvgxOMuUSMSVNW_Z=w122-h92-k-no,Woodlands Sports Centre (ActiveSG),4.1,"running (o)
football (O)
swimming (o)
gym (i)","4.1(2,022)",Sports complex 
https://lh5.googleusercontent.com/p/AF1QipOY2SjfxW6Tnfa3ycHMRrN8zUM7qwHaGAmkY71G=w163-h92-k-no,Clementi ActiveSG Swimming Complex,4.2,swimming (o),4.2(517),Swimming pool 
https://lh5.googleusercontent.com/p/AF1QipOu8h4qhZpRYsFqm60MsG7vWvkK-2NgKF21NPyx=w122-h92-k-no,Choa Chu Kang ActiveSG Sports Centre,4.1,"badminton(i)
swimming (o)",4.1(791),Sports complex 
https://lh5.googleusercontent.com/p/AF1QipO6xwZBoYPPw4Az-KpU01xr6z_0OEhqM4C06xxg=w164-h92-k-no,Tampines ActiveSG Gym,4.1,gym(i),4.1(190),Gym and Fitness Centre 
https://streetviewpixels-pa.googleapis.com/v1/thumbnail?panoid=fyrr5UOlI3Wk-BFgmWrg1w&cb_client=search.gws-prod.gps&w=80&h=92&yaw=165.28229&pitch=0&thumbfov=100,Bedok ActiveSG Gym,3.5,gym(i),3.5(13),Sports complex 
https://lh5.googleusercontent.com/p/AF1QipP4HWbCH847RHGDxbscu4KiQsPY51j7pfgXNYe5=w163-h92-k-no,Jurong West ActiveSG Stadium,4.7,"running (O)
football (O)",4.7(72),Stadium 
https://lh5.googleusercontent.com/p/AF1QipPtgYX2wE6tfy0Ldzx4N5N7N9ZSkquZ3Z8tYNBn=w122-h92-k-no,ActiveSG Gym at Fernvale Square,4.4,gym(i),4.4(80),Gym and Fitness Centre 
https://lh5.googleusercontent.com/p/AF1QipMoaKOLT1IP66socQugusE9oPShUOhTF1oG4aNx=w122-h92-k-no,Woodlands Botanical Garden,4.8,Running (O),4.8(37),Botanical garden 
https://lh5.googleusercontent.com/p/AF1QipPbIwlij_ZlkCTa28nAA0IWgmqYxEjtxwPZ5FGY=w122-h92-k-no,Woodlands Jetty,4.5,Running (O),4.5(211),Fishing pier 
https://lh5.googleusercontent.com/p/AF1QipO9HXQo_YDYhEjGMZvz7NnB8W1LOYEbLoLeIJPc=w122-h92-k-no,Mandai Tekong Park,4.3,Running (O),4.3(512),Park 
https://lh5.googleusercontent.com/p/AF1QipNnFaFDZ-GlVAkGn5yLmt5lVyGrx_s9ZRPwfgU2=w162-h92-k-no,Woodlands Admiral Garden,4.4,Running (O),4.4(58),Park 
https://lh5.googleusercontent.com/p/AF1QipOb02vSRkJ_rOMqEIyr0ilE-n9ZtSVNNW7HdcGU=w163-h92-k-no,Woodlands Crescent Park,4.2,Running (O),4.2(227),Park 
https://lh5.googleusercontent.com/p/AF1QipOcFhyBxiFzDYDgKg_vXRDwa4NhbTPe2sEz2ko2=w80-h106-k-no,Woodlands Park Connector (Ave 12),4.6,Running (O),4.6(5),Hiking area 
https://lh5.googleusercontent.com/p/AF1QipPjxzHxc1L8fuFmljUpBoZDWpCcgV1Vp2jN0KLF=w122-h92-k-no,Marsiling Park,4.1,Running (O),"4.1(1,735)",Park 
https://lh5.googleusercontent.com/p/AF1QipMdgpLmNSkohZ0JISGtehJgfY0Qe75IPZlGMyi_=w122-h92-k-no,Woodlands Park Connector (SLE),4.7,Running (O),4.7(9),Hiking area 
https://lh5.googleusercontent.com/p/AF1QipMNc8riIsYBq-aEtNUoOzNmObsb3PDARR2-bV-X=w122-h92-k-no,Woodlands Waterfront Park,4.5,Running (O),"4.5(3,487)",Park 
https://lh5.googleusercontent.com/p/AF1QipMVNz0h2zETQl7U5WlsBA5RZQM7Z6NbjSwNu0zK=w163-h92-k-no,Woodlands Town Park East,4.3,Running (O),4.3(333),Park 
https://lh5.googleusercontent.com/p/AF1QipN4qvBI6L1Tu8K-d6oIpGCgsw7KYcQsKoyVkSQE=w189-h92-k-no,Woodlands (Ave 7) Park Connector,4.4,Running (O),4.4(26),Park 
https://lh5.googleusercontent.com/p/AF1QipO3sgHjchohkHvcTpFLqADeHAleoJAMPb4KWHAy=w231-h92-k-no,Woodlands Swimming Complex,4.1,"Swimming (O)
Paid",4.1(135),Public swimming pool 
https://lh5.googleusercontent.com/p/AF1QipNfE_mnmvHXWzeBBDMsc2i2kw_rc7ISmQ5TZVtj=w138-h92-k-no,Woodlands Stadium - ActiveSG,4.3,"Football
Running 
Paid",4.3(549),Stadium 
https://lh5.googleusercontent.com/p/AF1QipNk0ZpFRMrY0auDB0jcdzd_jXuGX3Whihwe4oxr=w163-h92-k-no,Woodlands Sports Hall (ActiveSG),4,"Badminton 
Paid",4.0(49),Gym and Fitness Centre 
https://lh5.googleusercontent.com/p/AF1QipNwVwzDyVsvwIjgbbQKKkaawEQiLjC5XOGp4usK=w122-h92-k-no,Basketball Court,,Basketball (O),Playground ,Playground 
https://streetviewpixels-pa.googleapis.com/v1/thumbnail?panoid=FafcPQV8hplSSCymOLx_Hw&cb_client=search.gws-prod.gps&w=80&h=92&yaw=6.6252265&pitch=0&thumbfov=100,Block 10 HDB Marsiling Basketball court,5,Basketball (O),5.0(1),Basketball court 
https://lh5.googleusercontent.com/p/AF1QipNg1chilotvf1lfhimkAgb4qcvdVTYsTNLH5J42=w163-h92-k-no,WAG Outdoor Basketball Court,,Basketball (O),Basketball court ,Basketball court 
https://lh5.googleusercontent.com/p/AF1QipOakvj9N5Y2gH4TFsQSOlafDN7fU67OqKKsWSIg=w80-h142-k-no,VP Sheltered Basketball Court,3.5,Basketball,3.5(12),Basketball court 
https://lh5.googleusercontent.com/p/AF1QipNIkMWUm2EJYYXnuhZxfx1soMNuXAcobHgq7Prx=w80-h106-k-no,Net Free Basketball Court,2.8,Basketball (O),2.8(12),Basketball court 
https://lh5.googleusercontent.com/p/AF1QipOMVTVBRNZh1DS2fe4B5GoZRiwn8ZCSRwvCvj8S=w80-h106-k-no,Fragrant Woods Basketball Court,3.5,Basketball (O),3.5(2),Basketball court 
https://lh5.googleusercontent.com/p/AF1QipOesXCk6ZfhzPIcqlZ0hKwGIVrOKZ3AvJMflSio=w80-h106-k-no,9 Marsiling Lane Basketball Court,,Basketball (O),Basketball court ,Basketball court 
https://lh5.googleusercontent.com/p/AF1QipPKC3zxJVCcW1H24cvTadYU_o_YrWbSYAkdmwNg=w122-h92-k-no,806 Woodlands St 81 Basketball Court,3.8,Basketball,3.8(6),Basketball court 
https://lh5.googleusercontent.com/p/AF1QipPCUV5Kq9Eg665X_CTQoZG_6qzdNcjIe2b0ZBzM=w122-h92-k-no,Toa Payoh West Community Club,4.2,"Badminton 
Paid",4.2(658),Community center 
https://lh5.googleusercontent.com/p/AF1QipPQzlc-7R08Uv0T3ie8fI8JodL8vgnoMp0ryKvz=w163-h92-k-no,Toa Payoh East Community Club,4.1,"Badminton
Paid",4.1(199),Community center 
https://lh5.googleusercontent.com/p/AF1QipNjfIVUNc3XXSgxXYYcKxIFr_H6jm3ry1awXnpG=w122-h92-k-no,Badminton Court,3.7,Badminton (O),3.7(7),Badminton court 
https://lh5.googleusercontent.com/p/AF1QipNgrKbUf-Af_IvYd4Sxl0TSzx_446e4sfLTCtV-=w80-h106-k-no,Badminton court - Blk 21 Jalan Tenteram,3,Badminton (O),3.0(1),Badminton court 
https://lh5.googleusercontent.com/p/AF1QipP1pZLwUZwQps9pfX9yprQ160Bavgn478UQPp8Z=w163-h92-k-no,Toa Payoh South Community Club,4.1,"Badminton 
Paid",4.1(158),Community center 
https://lh5.googleusercontent.com/p/AF1QipMbP7IUEMymihZZHhTP4pFG-JgDPOj0icCKqoQz=w163-h92-k-no,SAFRA EnergyOne (SAFRA Toa Payoh),4.2,"Weightlifting 
Paid",4.2(69),Gym and Fitness Centre 
https://lh5.googleusercontent.com/p/AF1QipPv-7031dFGd89SwZjkLaxYMF0PSy3SmWbFsiVz=w80-h106-k-no,ActiveSG Gym at Senja-Cashew,3.6,gym (i),3.6(35),Gym and Fitness Centre 
https://lh5.googleusercontent.com/p/AF1QipOz2ZBAJ4R_PTfnphotnv7q56oz4pEvvyY0jOKw=w80-h106-k-no,Yio Chu Kang ActiveSG Gym,4.1,gym (i),4.1(492),Gym and Fitness Centre 
https://lh5.googleusercontent.com/p/AF1QipMQlU-0yS6hTt9veXxCiuRNRuAErypi0KYiyOra=w122-h92-k-no,ActiveSG Jurong East Sports Centre,4.2,"gym (i)
swimming (o)
badminton (I)
football (O)
running (O)",4.2(893),Sports complex 
https://lh5.googleusercontent.com/p/AF1QipPF5cC5az30-h-P7XitCwQcFzev3eCRjeZq8PER=w137-h92-k-no,ActiveSG Park @ Jurong Lake Gardens,4.4,"gym (i)
swimming (o)",4.4(143),Sports complex 
https://lh5.googleusercontent.com/p/AF1QipPu1oVU3oL2r21OihghNH_S93UKOh1DtXeBK1Ke=w80-h106-k-no,Bishan ActiveSG Gym,4.2,gym (i),4.2(176),Gym and Fitness Centre 
https://lh5.googleusercontent.com/p/AF1QipPSTlGwqEzE8iU7p4jku2tLKVa73DnkUf0IuOUv=w122-h92-k-no,Jurong West ActiveSG Sports Centre,4.3,"gym (i)
football (O)
running (o)
swimming (I)
badminton (I)","4.3(1,771)",Sports complex 
https://lh5.googleusercontent.com/p/AF1QipMk0yoPIsXtyvTvrXf1oPezcFo2jIkac12jTUYX=w80-h106-k-no,Bukit Gombak ActiveSG Gym,4.2,"gym (i)
running (O)
football (O)",4.2(212),Gym and Fitness Centre 
https://lh5.googleusercontent.com/p/AF1QipOVTOfXXQuggO1jWA2BMQ4lP6DGQDON0WYcO5Di=w80-h106-k-no,St Wilfred ActiveSG Sports Centre,4.3,"gym (i)
football (o)",4.3(273),Sports complex 
https://lh5.googleusercontent.com/p/AF1QipOmBS75ZtQVpNuYAHVIODzt8mum3Ecw-NBhicfj=w80-h106-k-no,Bukit Batok ActiveSG Gym,3.7,gym (i),3.7(46),Gym and Fitness Centre 
https://lh5.googleusercontent.com/p/AF1QipOBT5uBCRB2E6HtgatoiBlvI3xSqcpcoEZunVvD=w92-h92-k-no,ActiveSG Gym at Toa Payoh West CC,2.8,gym (i),2.8(60),Gym and Fitness Centre 
https://lh5.googleusercontent.com/p/AF1QipOM28vRbofqQ5I6xmdyYHOWvLyZlAteCD4iE9xc=w122-h92-k-no,Clementi ActiveSG Gym,3.7,gym (i),3.7(99),Temporarily closed 
https://lh5.googleusercontent.com/p/AF1QipNCvK9DzR0uERzvvWvm1HpI9v_B-amNKeZmrPfu=w122-h92-k-no,Jurong Lake Gardens ActiveSG Gym,4.6,gym (i),4.6(275),Gym and Fitness Centre 
https://lh5.googleusercontent.com/p/AF1QipP6_LewyMyxwC7trUvJOYvHj1N9aPrwd6GoDjrP=w122-h92-k-no,Kallang Basin Active Sg Gym,3.4,gym (i),3.4(7),Gym and Fitness Centre 
https://lh5.googleusercontent.com/p/AF1QipP2hqZkQy77I7sl7eBVh8vb5lQGp-A6Qi2JXQCY=w153-h92-k-no,Bukit Purmei Hillock Park,,football (O),,
https://lh5.googleusercontent.com/p/AF1QipPMKkMswdiO-SbIphFg8asaTK0p3TBqtKjwwBNn=w160-h92-k-no,Singapore Botanic Gardens,4.7,running (O),"4.7(40,869)",Botanical garden 
https://lh5.googleusercontent.com/p/AF1QipPku6MJEsq7H6dcbYWHhsY1CvYQXrnTqF8LYzuj=w138-h92-k-no,HortPark,4.5,running (O),"4.5(3,162)",Park 
https://lh5.googleusercontent.com/p/AF1QipM8N4tkXNB4yAI94s2R5nLbDPwIOZLOL8rLhtWL=w122-h92-k-no,Tiong Bahru Park,4.4,running (O),4.4(854),Park 
https://lh5.googleusercontent.com/p/AF1QipOlXbppktlKo-Kdpa1Ef8MnGIeE9tNgqlp9kdP4=w92-h92-k-no,Henderson Waves,4.6,running (O),4.6(357),Bridge 
https://lh5.googleusercontent.com/p/AF1QipNFjXBFdSkFkBxco4qa4EoKAprwdF4ZseBX6EwE=w137-h92-k-no,Southern Ridges,4.6,running (O),"4.6(3,263)",Park 
https://lh5.googleusercontent.com/p/AF1QipPMzdUOj97856YM3v7VQ-a_gZWzqBQ8-COghcTS=w80-h169-k-no,Swimming Pool Annexe,,swimming (o),Swimming pool ,Swimming pool 
https://lh5.googleusercontent.com/p/AF1QipOKiwstR1muiLM9Zobni-5CvWe1ZeizIlQNXNA8=w93-h92-k-no,Delta ActiveSG Gym,3.9,gym (I),3.9(450),Gym and Fitness Centre 
https://lh5.googleusercontent.com/p/AF1QipMTEOmGBjqo24JyLQU_e_gPuaurqXrV8xNSlKoE=w122-h92-k-no,Sports Lifestyle Centre,3.6,swimming (O),3.6(39),Sports complex 
https://lh5.googleusercontent.com/p/AF1QipOktcEYJltIkKCifNmGP9bJGldZn3gNNsB7MVeL=w80-h106-k-no,Delta Swimming Complex,4,swimming (O),4.0(350),Public swimming pool 
https://lh5.googleusercontent.com/p/AF1QipOlLSPXGKUEz05iTrnoxjUPnuQf1_YEiJeHar5K=w122-h92-k-no,SCC Dempsey Field,3.6,football (o),3.6(14),Gym and Fitness Centre 
https://lh5.googleusercontent.com/p/AF1QipNC2hGun2hFIzQuUQhaCVAV1JyA3QsVJw3gumOq=w122-h92-k-no,Street Soccer Field,5,football (o),5.0(1),Soccer practice 
https://lh5.googleusercontent.com/p/AF1QipM6fO9cIpKx5fKvwwVWCX-PcF-V4Ng8TEpl1JE=w122-h92-k-no,The Arena Shelton,4.8,football (o),4.8(5),Soccer field 
https://lh5.googleusercontent.com/p/AF1QipPpRGXFulmzQZWsJoNdHHgW11I3Nae705PZn0va=w122-h92-k-no,Blk 102 Futsal Court,4,football (o),4.0(1),Futsal court 
https://lh5.googleusercontent.com/p/AF1QipM-QDudWhogImbjSFOTbM5NDXpukuHlqK1rjjGk=w122-h92-k-no,Street Soccer Field,5,football (o),5.0(1),Soccer field 
https://lh5.googleusercontent.com/p/AF1QipMcyXoPptNO6VAkwsiKxmC_-ojZg5epW5u_3V0A=w122-h92-k-no,BPHP Futsal Court,4.2,football (o),4.2(24),Futsal court 
https://streetviewpixels-pa.googleapis.com/v1/thumbnail?panoid=3UPdaWMnHkGUt0JFlfBG2A&cb_client=search.gws-prod.gps&w=80&h=92&yaw=111.61226&pitch=0&thumbfov=100,Mapletree Business City Basketball Court,,basketball (i),Basketball court ,Basketball court 
https://lh5.googleusercontent.com/p/AF1QipOg0e_TlXYYbsY4WfxmryqIq1gCgwHEYF8bVUQt=w80-h106-k-no,Blk 45 Basketball Court,2.5,basketball (O),2.5(2),Basketball court 
https://streetviewpixels-pa.googleapis.com/v1/thumbnail?panoid=ZbslUEGvYkGAgT3FRNfKHQ&cb_client=search.gws-prod.gps&w=80&h=92&yaw=169.22774&pitch=0&thumbfov=100,Basketball Court - Bukit Teresa Rd,4,basketball (O),4.0(1),Basketball court 
https://lh5.googleusercontent.com/p/AF1QipNtECA24Pewfh1UQSAAcUmJrMtHLRhbRZZDWEbX=w80-h106-k-no,Badminton court - Blk 1 Telok Blangah Crescent,1,badminton (O),1.0(1),Badminton court 
https://lh5.googleusercontent.com/p/AF1QipODArCbjG0DHsJErANWibog_nzYnJPudJdpu6-m=w122-h92-k-no,Badminton court - Blk 135 Jalan Bukit Merah,4,badminton (O),4.0(2),Badminton court 
https://lh5.googleusercontent.com/p/AF1QipNSmCplCsGDXygZIa1BXNplAkrQLPf8KwoicEf-=w163-h92-k-no,Badminton Courts,3.5,badminton (i),3.5(11),Gym and Fitness Centre 
https://lh5.googleusercontent.com/p/AF1QipMR1HMUjN435SGDXxZUntORr1_J9AKbcVaDA3dV=w80-h106-k-no,Blk 102 Badminton Court,4,badminton (O),4.0(2),Badminton court 
https://lh5.googleusercontent.com/p/AF1QipPM1rG0OGLT2NFDoX8MLljK6L5C9CYExSWMOWJ0=w122-h92-k-no,Community Hall @ Sprout Hub,3.8,badminton (i),3.8(14),Badminton court 
https://lh5.googleusercontent.com/p/AF1QipMhTmBaNhVuuOlPrMBXD3Z66x6jugeujnVFxDgc=w80-h106-k-no,Badminton court - Blk 95B Henderson Rd,3,badminton (O),3.0(1),Badminton court 
https://lh5.googleusercontent.com/p/AF1QipP3Kl86SJNXNfFtFZlzC8sk-pqDuQi9J0LUZQUr=w80-h106-k-no,Badminton court - Blk 21/22 Jalan Membina,4,badminton (O),4.0(1),Badminton court 
https://lh5.googleusercontent.com/p/AF1QipOnMfHZXh_lHfQKNov_YNm0lE1NqCNd3IkfHy6o=w122-h92-k-no,Blk 49 Kim Pong Rd - Multi-Purpose Court,4,badminton (O),4.0(1),Badminton court 
https://lh5.googleusercontent.com/p/AF1QipPS2joi9TRpeXiucWvy8f1H0JmR49EY_89zrgUI=w122-h92-k-no,Badminton court - Blk 4B Boon Tiong Rd,2,badminton (O),2.0(1),Badminton court 
https://lh5.googleusercontent.com/p/AF1QipMKHVw2qvWtvqaCmMss-_vWWKICWmESmDw1amzH=w80-h106-k-no,Badminton court - Blk 44 Beo Crescent,3,badminton (O),3.0(1),Badminton club 
https://lh5.googleusercontent.com/p/AF1QipPngpM6D0xnuWvjqSx4eDItDN8PlIEYXqiP433D=w122-h92-k-no,Blk 77 Indus Garden Badminton Court,4,badminton (O),4.0(1),Badminton court 
https://lh5.googleusercontent.com/p/AF1QipMPoCpATD5M0JWwxa8Qoyhq3MN5X3WWHjwpzC7q=w122-h92-k-no,Blk 5 Delta Avenue Badminton Court,3,badminton (O),3.0(1),Badminton court 
https://lh5.googleusercontent.com/p/AF1QipMrx49cHjcFmo_wtZM0TUI6SK8VDFsg1jLcxtPO=w80-h106-k-no,Jurong Central Park,4.3,running (O),"4.3(2,398)",Park 
https://lh5.googleusercontent.com/p/AF1QipOzTfj0490sqCxcktjO0fTezdFou-h8lPDWtupO=w122-h92-k-no,Jurong Lake Gardens,4.6,running (O),"4.6(5,402)",Park 
https://lh5.googleusercontent.com/p/AF1QipMRoc8-zlYEDPn314i0sAGDn1Cw2CCDgDkCfskd=w163-h92-k-no,Toh Guan Park,4.2,running (O),4.2(42),Park 
https://lh5.googleusercontent.com/p/AF1QipMQ7vAbm1IccWAw38paO05ofLIQ5HefKZl2nuPg=w122-h92-k-no,Hoover Park,4.3,running (O),4.3(47),Park 
https://lh5.googleusercontent.com/p/AF1QipNBFv3jrCbo3VTioFVt5PUr2-KKw_UHs0Ls8FXT=w204-h92-k-no,Bukit Panjang Park Court,4.5,"running (O)
badminton (O)",4.5(2),Park 
https://lh5.googleusercontent.com/p/AF1QipMfgdKLsKYtBKmP615aGRJ9-eRIr69XPNBPzX1I=w80-h94-k-no,Bukit Panjang N2 Park,2.5,running (O),2.5(2),Park 
https://lh5.googleusercontent.com/p/AF1QipMpnIBk8AIG4OLG6MeYi7uMHKlxvcootRXpGSyg=w122-h92-k-no,Senja Parc View Constellation Park,4.1,running (O),4.1(14),Park 
https://lh5.googleusercontent.com/p/AF1QipOfg2-CKgqdoXc3R43z-hAo79Oia_S794XSKB4s=w194-h92-k-no,Zhenghua Nature Park,4.4,running (O),4.4(391),Nature preserve 
https://lh5.googleusercontent.com/p/AF1QipPITbjojEtnLWPXx_i5xTStrca6JBMgTIMo2c0K=w122-h92-k-no,Bukit Panjang Neighborhood 5 Park,4.5,running (O),4.5(153),Park 
https://lh5.googleusercontent.com/p/AF1QipOfegvbPM_f3xZ0VfEE97m8DGnsA21lGEutvWCN=w122-h92-k-no,Petir Park,4.3,"running (O)
badminton (O)",4.3(223),Park 
https://lh5.googleusercontent.com/p/AF1QipP1JqulAdvAWY515UptvoqVZcaMBYr7I2Mgt_OQ=w138-h92-k-no,Bukit Gombak Park,4.4,running (O),4.4(195),Park 
https://lh5.googleusercontent.com/p/AF1QipPhfSzkjstlUVKLwoh4awMZWQ5COzXJdNkEAL61=w80-h106-k-no,Beauty Garden Park,4.2,running (O),4.2(97),Park 
https://lh5.googleusercontent.com/p/AF1QipOecB7bLZWzX1S2hLB4sjlhSghAVSBfb3it1Poo=w163-h92-k-no,Bukit Batok Town Park,4.4,running (O),4.4(71),Park 
https://lh5.googleusercontent.com/p/AF1QipN48m6nna2lCN1mgKGTLlcXX0NhqqsfTj943Wpi=w122-h92-k-no,Bukit Batok Nature Park,4.5,running (O),"4.5(3,144)",Nature preserve 
https://lh5.googleusercontent.com/p/AF1QipO0KoUPiuwItLbNYCH_5f3apZv8pS5c0FLbTxui=w163-h92-k-no,Hillview Park Connector,4,running (O),4.0(1),Park 
https://lh5.googleusercontent.com/p/AF1QipOik78fAD8ZaxvWOFdTaUFmQHrWlLxGGfYTOFgL=w122-h92-k-no,Fuyong Interim Park,4.2,running (O),4.2(56),Park 
https://lh5.googleusercontent.com/p/AF1QipNAUBp75YbIIMw3BjQbkTpBGS93Ge7t_kPguqQN=w219-h92-k-no,"Wandervale Condo Tennis Court (CCK), Mezzanine Level",4,swimming (O),4.0(1),Tennis court 
https://lh5.googleusercontent.com/p/AF1QipOyJAtWaJZXiwavgDldcG23lEviPzezyrCRQ7xe=w239-h92-k-no,Vadapavs,5,tennis (O),5.0(1),Tennis court 
https://streetviewpixels-pa.googleapis.com/v1/thumbnail?panoid=6m9r6I3Rq9uIEFVZH23n6w&cb_client=search.gws-prod.gps&w=80&h=92&yaw=223.88936&pitch=0&thumbfov=100,Marsiling - Yew Tee Badmitton Court,,badminton (O),Badminton court ,Badminton court 
https://streetviewpixels-pa.googleapis.com/v1/thumbnail?panoid=Xuu1Ut1NvuKt5imsJ7yShQ&cb_client=search.gws-prod.gps&w=80&h=92&yaw=187.26918&pitch=0&thumbfov=100,Badminton court,,badminton (O),Badminton court ,Badminton court 
https://lh5.googleusercontent.com/p/AF1QipNpAspSs5PIElYDS6FfABTiQlXKHmIjxugWbpA=w163-h92-k-no,Swimming Pool,5,swimming (O),5.0(1),Swimming pool 
https://lh5.googleusercontent.com/p/AF1QipPrGcmEcD9lEq96KT5Z7kvLC2zubHSaV4KI320X=w122-h92-k-no,Swimming Pool @CCK Safra,3.7,swimming (i),3.7(12),Swimming pool 
https://lh5.googleusercontent.com/p/AF1QipNwA16fkK1qEfinOdy2bCGfoi8RXbwPbJnaab8-=w122-h92-k-no,Choa Chu Kang Swimming Complex,3.6,swimming (O),3.6(9),Swimming facility 
https://lh5.googleusercontent.com/p/AF1QipMPyUMB3rw0Oa9evYnsk5GvijPyW2CMDpEMBTLP=w92-h92-k-no,Senja-Cashew Swimming Complex,4.1,swimming (O),4.1(226),Swimming instructor 
https://lh5.googleusercontent.com/p/AF1QipN2NAx9rHjfI16a_UqSpjmmsbLundJMwgt5dMqx=w122-h92-k-no,Bukit Gombak ActiveSG Stadium,4.4,"football (o)
running (o)",4.4(378),Stadium 
https://lh5.googleusercontent.com/p/AF1QipN4jPiEeKnQ68Ztvq1UtEwvZ_3zB5qA6WFJI3Ww=w80-h92-k-no-pi-4.0134664-ya100.0187-ro2.7330482-fo100,Bukit Gombak Gym,,gym (I),810 Bukit Batok West Ave. 5 ,810 Bukit Batok West Ave. 5 
https://lh5.googleusercontent.com/p/AF1QipNTBeNSSRlAdj_G7W4IbIgWnMn9wIszzP0jAcTb=w80-h106-k-no,Bukit Gombak ActiveSG Sport Centre,4.3,"gym (I)
badminton (I)
 basketball (I)",4.3(4),Sports complex 
https://lh5.googleusercontent.com/p/AF1QipOylbcVB98m4UucUNIg73nbFePgjFn8PmBZ3FMl=w122-h92-k-no,HomeTeam NS Swimming pool,5,swimming (O),5.0(8),Swimming pool 
https://lh5.googleusercontent.com/p/AF1QipMczawsKOXDO20wKplOzNm1RYdjvl_R0IyzONsD=w242-h92-k-no,"Football Field @ Choa Chu Kang (Astro Turf, 11-a-side) - Bukit Panjang Government High School",,football (O),Soccer field ,Soccer field 
https://maps.gstatic.com/tactile/pane/result-no-thumbnail-2x.png,Choa Chu Kang Street Soccer Court,1.5,football (O),1.5(2),Futsal court 
https://lh5.googleusercontent.com/p/AF1QipPyZTof-Ildfeg-xAqo1Ps-gLYnZXVcWYA8vr-s=w122-h92-k-no,Sheltered Futsal Court,4.3,football (I),4.3(3),Soccer field 
https://lh5.googleusercontent.com/p/AF1QipM9aY1JuNF9cD_FGYJLcYtWG5ig6HkZVu0s-vI=w163-h92-k-no,Soccer field,5,football (O),5.0(2),Athletic field 
https://lh5.googleusercontent.com/p/AF1QipM8Rmp4mlXL2lIJTdN3cayncsszc2B592iMdKWO=w80-h106-k-no,Futsal court,4.5,football (O),4.5(2),Sports complex 
https://lh5.googleusercontent.com/p/AF1QipNCKlvlWdB_2t_sq8opaJH3foSZyK8g5636ZWd6=w122-h92-k-no,Toh Guan Park Futsal Court,5,football (O),5.0(1),Futsal court 
https://streetviewpixels-pa.googleapis.com/v1/thumbnail?panoid=-APaCsYKRnbCx_9Ivw2QZQ&cb_client=search.gws-prod.gps&w=80&h=92&yaw=88.75164&pitch=0&thumbfov=100,Bukit View Secondary School Field,,football (O),Soccer field ,Soccer field 
https://lh5.googleusercontent.com/p/AF1QipNGSzkKuBD7T0kSdzFw2eSXxM0pph-LZHMdo8VF=w122-h92-k-no,Senja Woods Futsal Court,4.3,football (O),4.3(6),Futsal court 
https://lh5.googleusercontent.com/p/AF1QipPew8JkcbC4StpYDT_sdN1YZjCE3zPEDX0XuKgN=w122-h92-k-no,Segar Gardens Court,4,football (O),4.0(1),Futsal court 
https://lh5.googleusercontent.com/p/AF1QipNkEekTFEKy1gogg_g_U57OjHXLWBi3Q_AQ5hH7=w122-h92-k-no,Petir Street Soccer Court,5,football (O),5.0(1),Futsal court 
https://lh5.googleusercontent.com/p/AF1QipOGi8kRQVqaKUpDw3unUFNDkN-A1oA7TWFU2Zhj=w80-h106-k-no,Bukit Gombak Park Street Soccer Court,5,football (O),5.0(1),Futsal court 
https://streetviewpixels-pa.googleapis.com/v1/thumbnail?panoid=SuxsLHiDla2aMJNDh3WS3Q&cb_client=search.gws-prod.gps&w=80&h=92&yaw=110.32917&pitch=0&thumbfov=100,Block 256 Bukit Batok East Street Soccer Court,,football (O),Futsal court ,Futsal court 
https://streetviewpixels-pa.googleapis.com/v1/thumbnail?panoid=cXiB5w5d9hd_TAUjQr0DUw&cb_client=search.gws-prod.gps&w=80&h=92&yaw=352.00656&pitch=0&thumbfov=100,Bukit Batok Street 31 Street Soccer Court,5,football (O),5.0(1),Futsal court 
https://lh5.googleusercontent.com/p/AF1QipOt7TS7lDoG-LylTNlz7vwaJsBG8FePhqX42Zwg=w122-h92-k-no,Bukit Batok East Ave 3 Street Soccer Court,5,football (O),5.0(1),Futsal court 
https://lh5.googleusercontent.com/p/AF1QipP-CdK4lV8OuryXJ2Y6T-ZwegsJqnJSJIGf62xh=w80-h106-k-no,Basketball Court and Playground,,basketball (o),Temporarily closed ,Temporarily closed 
https://streetviewpixels-pa.googleapis.com/v1/thumbnail?panoid=yk5dUJnh-oCJrOSobv8fSg&cb_client=search.gws-prod.gps&w=80&h=92&yaw=139.51071&pitch=0&thumbfov=100,Basketball Court,,basketball (o),Gym and Fitness Centre ,Gym and Fitness Centre 
https://lh5.googleusercontent.com/p/AF1QipNdkgrDcADgWp494fuUdnwEb4JD4q2ALTjLDQRX=w80-h106-k-no,New Court,4.6,basketball (o),4.6(5),Basketball court 
https://streetviewpixels-pa.googleapis.com/v1/thumbnail?panoid=fjISz5dJEWCz2QyNnh_vcA&cb_client=search.gws-prod.gps&w=80&h=92&yaw=55.085827&pitch=0&thumbfov=100,SP Basketball Court,,basketball (o),Basketball court ,Basketball court 
https://lh5.googleusercontent.com/p/AF1QipNF-c71TtxExEeMGk-wYo0YOMBuqMZpiDPCaZmJ=w80-h142-k-no,Yew Tee Park Basketball Court,4.4,basketball (o),4.4(7),Basketball court 
https://lh5.googleusercontent.com/p/AF1QipNcK9i6GrggqU3d2hboDqycfFzOZN6YtoblSdgd=w80-h106-k-no,Blk 643 Choa Chu Kang Street 64 Basketball Court,4,basketball (o),4.0(1),Basketball court 
https://lh5.googleusercontent.com/p/AF1QipPQVSmz6wGZauAyT8ZSuoHX5BWEAZETMhrtzmtL=w80-h106-k-no,Choa Chu Kang Stadium Outdoor Basketball Court,5,basketball (o),5.0(2),Basketball court 
https://lh5.googleusercontent.com/p/AF1QipNu8-rpJsvnD4HxjT1F-6Y_40kDvs85PoW-WN7x=w163-h92-k-no,Basketball court near blue pavillion,,basketball (o),Basketball court ,Basketball court 
https://lh5.googleusercontent.com/p/AF1QipMc5RxRPWcFX1HphaJ-3cuU340-DL-mBRbbT9pM=w80-h106-k-no,Choa Chu Kang CC Sheltered Basketball Court,3.8,basketball (i),3.8(4),Basketball court 
https://lh5.googleusercontent.com/p/AF1QipPjC4tzmPbgKeRnGmBRWAQv5p15jdcTiig8S1Pu=w122-h92-k-no,Basketball Court,4,basketball (o),4.0(4),Basketball court 
https://maps.gstatic.com/tactile/pane/result-no-thumbnail-2x.png,Basketball Court,,basketball (o),Basketball court ,Basketball court 
https://lh5.googleusercontent.com/p/AF1QipOXDTiVdPaul507KiPrgEFgAD48n-9dh_QAaAYY=w80-h121-k-no,Badminton Court @ Block 527,,badminton (O),Playground ,Playground 
https://streetviewpixels-pa.googleapis.com/v1/thumbnail?panoid=yY9NjVzZtIixEC_j5HRPjw&cb_client=search.gws-prod.gps&w=80&h=92&yaw=348.64627&pitch=0&thumbfov=100,Badminton/Sepak Takraw Court (Blk 432-433),,badminton (O),Badminton court ,Badminton court 
https://streetviewpixels-pa.googleapis.com/v1/thumbnail?panoid=0EbEgQcunEn9VPOAMVLaFg&cb_client=search.gws-prod.gps&w=80&h=92&yaw=42.602955&pitch=0&thumbfov=100,Badminton Court,,badminton (O),Badminton court ,Badminton court 
https://maps.gstatic.com/tactile/pane/result-no-thumbnail-2x.png,Badminton Court,,badminton (O),Badminton court ,Badminton court 
https://streetviewpixels-pa.googleapis.com/v1/thumbnail?panoid=VOQJs5veYTQ0Bm2Iuitv3A&cb_client=search.gws-prod.gps&w=80&h=92&yaw=57.41308&pitch=0&thumbfov=100,Block 178 Badminton Court,,badminton (i),Badminton court ,Badminton court 
https://lh5.googleusercontent.com/p/AF1QipMlcjsuB1JGfMiwJbuqBlSCX9kRoCMGei8d8ZEe=w80-h106-k-no,Badminton/Sepak Takraw Court (Blk 304-305),1,badminton (O),1.0(1),Badminton court 
https://lh5.googleusercontent.com/p/AF1QipMMBadFuLpACa9kgYhL6l9aZtcxRsX_mMQwW2Wr=w182-h92-k-no,Bukit Gombak Sports Hall,4.2,badminton (I),4.2(235),Sports complex 
https://lh5.googleusercontent.com/p/AF1QipNgpEyvSbsBrrWBPVbWJyZ29aXo35ijDgnC3MFs=w122-h92-k-no,Badminton courts @ Toh Yi Drive,3.5,badminton (I),3.5(2),Gym and Fitness Centre 
https://lh5.googleusercontent.com/p/AF1QipPIqJkX8lr0KNkSz3b8Nv8O4n5zRH-TbqEBVQbz=w154-h92-k-no,Singapore Indoor Stadium,4.5,"badminton (I)
tennis (I)","4.5(2,531)",Stadium 
https://lh5.googleusercontent.com/p/AF1QipMhJtrd1lFUqW3jckk0eITLoO8JoD-_PKH21mX2=w122-h92-k-no,National Stadium,4.5,"running (i)
football (I)","4.5(5,322)",Stadium 
https://lh5.googleusercontent.com/p/AF1QipOTFZ8BzqLVGv76HWL6T6Tda6bq-2byybjXCUsC=w122-h92-k-no,Telok Kurau Park,4.4,running (O),4.4(680),Park 
https://lh5.googleusercontent.com/p/AF1QipO0pb3fx_9SDx_DPgD3M5dig4B94KY_ddbFqo9z=w138-h92-k-no,East Coast Park,4.6,running (O),"4.6(29,050)",Park 
https://lh5.googleusercontent.com/p/AF1QipO3DhxLb0M8guR5Zn3Aab00hTemsFcF38qiwe02=w122-h92-k-no,Bedok Reservoir Park,4.5,running (O),"4.5(3,588)",Park 
https://lh5.googleusercontent.com/p/AF1QipPK6RpjWoisBYrCGYORzg2wA5BH_EVPRTC6fJEN=w122-h92-k-no,Bedok Town Park,4.3,running (O),"4.3(1,298)",Park 
https://lh5.googleusercontent.com/p/AF1QipMFGPCvLOLfoUkQ5bMpagVvvMLF0QoHNj040WxJ=w80-h106-k-no,Tanah Puteh Park,4.2,running (O),4.2(12),Park 
https://lh5.googleusercontent.com/p/AF1QipOP0yA7VM2ljbf9nLYOu53EtjG8gykoxtQ5zmBM=w122-h92-k-no,Aida Park,4.3,running (O),4.3(56),Park 
https://lh5.googleusercontent.com/p/AF1QipPCLxz4mb72JhqNQ83EX8765xZKJcXlFDi1B0Zu=w80-h106-k-no,Bedok South Neighborhood Park,4.4,running (O),4.4(9),Park 
https://lh5.googleusercontent.com/p/AF1QipN7C_xhTm87uKeax8rMiIhfgOqAIEgszTgjVJ_l=w163-h92-k-no,Kaki Bukit Neighbourhood Park,4.3,running (O),4.3(46),Park 
https://lh5.googleusercontent.com/p/AF1QipNGr3324Ehv0Tw6h_Loyz7JmTl8KiBs7lEgKdOm=w122-h92-k-no,Garden Hill Park,4.2,running (O),4.2(72),Park 
https://lh5.googleusercontent.com/p/AF1QipPfb9MLhoeGRIs77hBurHUVH8Esjq2R0dr7z8gz=w122-h92-k-no,Badminton Court (Street Soccer Court ),5,"badminton (o)
football (o)",5.0(5),Sports club 
https://lh5.googleusercontent.com/p/AF1QipNV83QI1fWp8R0RbOChPOiF-3sI_fPDHV25QuHn=w80-h106-k-no,Badminton court - Blk 10E Bedok South Ave 2,4,badminton (o),4.0(1),Badminton court 
https://maps.gstatic.com/tactile/pane/result-no-thumbnail-2x.png,Badminton Court,5,badminton (o),5.0(2),Badminton court 
https://maps.gstatic.com/tactile/pane/result-no-thumbnail-2x.png,Badminton Court,,badminton (o),Badminton court ,Badminton court 
https://lh5.googleusercontent.com/p/AF1QipMs74UqFfCTaA5gEzMbkHOOFJGix0NQIIWPDCTd=w80-h106-k-no,Badminton court - Blk 181 Bedok North Rd,4,badminton (o),4.0(1),Badminton court 
https://lh5.googleusercontent.com/p/AF1QipMIBV4og6b0YPuRXjIE1uMSu7EEOOLTQTIffAib=w80-h106-k-no,Badminton court - Blk 76 Bedok North Rd,3,badminton (o),3.0(1),Badminton court 
https://lh5.googleusercontent.com/p/AF1QipNbTNTGiQsucKfq0fBM08-rj8fZlSWEZdHs0dnr=w137-h92-k-no,Aspire Badminton Centre,,badminton (i),Sports club ,Sports club 
https://maps.gstatic.com/tactile/pane/result-no-thumbnail-2x.png,Badminton Court,,badminton (o),Badminton court ,Badminton court 
https://lh5.googleusercontent.com/p/AF1QipM1XxmdQoQW6-TfLpZ47KtSv2iNEJ6OApPE_AxR=w163-h92-k-no,Singapore Badminton School,4.4,badminton (i),4.4(17),Badminton club 
https://streetviewpixels-pa.googleapis.com/v1/thumbnail?panoid=F-2lt7zzFx93CLR3RyELFw&cb_client=search.gws-prod.gps&w=80&h=92&yaw=238.98405&pitch=0&thumbfov=100,MIS Street Soccer/Football Court,,football (O),Soccer field ,Soccer field 
https://maps.gstatic.com/tactile/pane/result-no-thumbnail-2x.png,Kembangan Football Field,,"football (O)
running (O)","(1.322120, 103.913161) ","(1.322120, 103.913161) "
https://lh5.googleusercontent.com/p/AF1QipMYRPpzASwRDoGUSCmSu1V1VO7XjnwEQVxYJNY6=w122-h92-k-no,Opera Estate Football Field,4.2,football (O),4.2(31),Soccer field 
https://maps.gstatic.com/tactile/pane/result-no-thumbnail-2x.png,Soccer field,,football (O),Athletic field ,Athletic field 
https://lh5.googleusercontent.com/p/AF1QipPjZYWlg0F6yFSjEK1IZhAfzH6TCJysO7k3JDXG=w122-h92-k-no,Bedok ActiveSG Stadium,4.2,"football (o)
running (O)",4.2(867),Sports complex 
https://maps.gstatic.com/tactile/pane/result-no-thumbnail-2x.png,Basketball Court @ Play TWest,,basketball (o),Basketball court ,Basketball court 
https://maps.gstatic.com/tactile/pane/result-no-thumbnail-2x.png,Middleton Basketball Court,,"basketball (o)
tennis (o)",Tennis court ,Tennis court 
https://lh5.googleusercontent.com/p/AF1QipMhvxOw2i24FcFdXAd55Gt48HYueYFbm5WUC4BI=w122-h92-k-no,Jalan Damai Basketball Court,5,basketball (o),5.0(2),Basketball court 
https://maps.gstatic.com/tactile/pane/result-no-thumbnail-2x.png,Basketball Court,,basketball (o),Basketball court ,Basketball court 
https://lh5.googleusercontent.com/p/AF1QipMpol9gu19FbqazH1Ap2Hf5O-LLUnfmCPbYeczH=w122-h92-k-no,Basketball court,4,basketball (o),4.0(2),Basketball court 
https://streetviewpixels-pa.googleapis.com/v1/thumbnail?panoid=LQ6lJMx1ZhYHUPFDUj1snQ&cb_client=search.gws-prod.gps&w=80&h=92&yaw=166.79735&pitch=0&thumbfov=100,Bedok Green Basketball Court,,basketball (o),Basketball court ,Basketball court 
https://lh5.googleusercontent.com/p/AF1QipOQUBTiX-L767GzLqNkMnzK7tcTfiVVjMUrkYkX=w80-h106-k-no,533 Basketball Court,,basketball (o),Basketball court ,Basketball court 
https://lh5.googleusercontent.com/p/AF1QipMyW63BnO8FIjRe2akSI6cimAQGjCbwKZyj3AnM=w80-h106-k-no,Blk 138 Bedok North St 2 - Basketball Court,5,basketball (O),5.0(2),Basketball court 
https://lh5.googleusercontent.com/p/AF1QipMsQ6J1DsziARgxQe8Wy-brikJTf9rjQlG9yr8=w163-h92-k-no,771 Basketball Court,5,basketball(o),5.0(2),Basketball court 
https://lh5.googleusercontent.com/p/AF1QipPq52lxWGCjEsIhsfwSh34lW5IvT9is8nFak-vp=w163-h92-k-no,Bedok Basketball Court,4,basketball (o),4.0(6),Basketball court 
https://lh5.googleusercontent.com/p/AF1QipPSt7zuenZsdw1o9Qvz5B428xbg2IRR8Xf4pNMM=w80-h142-k-no,Basketball court,2,basketball (O),2.0(2),Basketball court 
https://lh5.googleusercontent.com/p/AF1QipNQkebo01IkbvSs9skaJQNnvGq-SttwOVC3SIFS=w122-h92-k-no,Basketball Court,,basketball (o),Basketball court ,Basketball court 
https://lh5.googleusercontent.com/p/AF1QipPQkfqVFUSSCWPTXtX69IQeEwBF4h3V-RR9txt8=w122-h92-k-no,Blk 77 Bedok North - Basketball Court,4.7,basketball (O),4.7(6),Basketball court 
https://lh5.googleusercontent.com/p/AF1QipM2OoP4kPNCPwiDUXSGQQr-8vK4KN9-onr6GsNa=w122-h92-k-no,116 Basketball Court,5,basketball (o),5.0(2),Basketball court 
https://lh5.googleusercontent.com/p/AF1QipMtzgZWjgrMmlLBmbtISbguQl3-Bn-msWv2djYV=w122-h92-k-no,Fengshan CC Basketball Court,2.5,basketball (O),2.5(2),Basketball court 
https://lh5.googleusercontent.com/p/AF1QipPWk9TIjERm9VxmnINkBHLPQaISanocJl4y7e7F=w122-h92-k-no,Basketball Court,3.7,basketball (o),3.7(6),Basketball court 
https://lh5.googleusercontent.com/p/AF1QipM9auYHksqAlgXQ16Mnz8nJqRbz3YZsY-ujecwr=w122-h92-k-no,Bedok ActiveSG Swimming Complex,4.4,"swimming (I)
tennis (i)","4.4(3,923)",Public swimming pool 
https://lh5.googleusercontent.com/p/AF1QipOSQ6BJvml272N-HjO3k8i5XG_K1wwfle7c-Z1b=w122-h92-k-no,Bishan North Neighbourhood Park,4.2,running (o),4.2(115),Park 
https://lh5.googleusercontent.com/p/AF1QipN3xhj8H81UxSoM5vW2aaG0zsBlGeYYeYBpaww3=w163-h92-k-no,Clover Way Park,3.8,running (o),3.8(11),Park 
https://lh5.googleusercontent.com/p/AF1QipMSwwNnMdJfnN6BSGOM5ZcT1DIzyAZAUSalsziB=w122-h92-k-no,Ang Mo Kio Town Garden West,4.3,running (o),"4.3(1,050)",Park 
https://lh5.googleusercontent.com/p/AF1QipOiNAIdnQEAr4j9n-PtzB8qTSceg9wFQaYjs4o1=w163-h92-k-no,Ang Mo Kio Town Garden East,4.3,running (O),4.3(666),Park 
https://lh5.googleusercontent.com/p/AF1QipMV1AcW1G2-u5cGvM0D8bFB8Oi1Cyxc8171Yx96=w126-h92-k-no,Bishan ActiveSG Swimming Complex,4.1,swimming (O),4.1(429),Public swimming pool 
https://lh5.googleusercontent.com/p/AF1QipMfWh1l7Wm2adh1Ij1sO0Kr6111lSooppyQ5CRQ=w122-h92-k-no,Bishan-Ang Mo Kio Park,4.5,running (O),"4.5(8,333)",Park 
https://maps.gstatic.com/tactile/pane/result-no-thumbnail-2x.png,Bukit Timah Field,,football (O),"(1.333790, 103.792171) ","(1.333790, 103.792171) "
https://lh5.googleusercontent.com/p/AF1QipOhlGBPNvh-DMr8uZZJ8TEPFGZn3HAFjhGYzeq9=w80-h140-k-no,"Football Field @ Ang Mo Kio (Astro Turf, 11-a-side) - Yio Chu Kang Secondary School",,football (O),Soccer field ,Soccer field 
https://lh5.googleusercontent.com/p/AF1QipNL01jtgen7QTvkyfxbs13STZoQzl0Tz_jddkpS=w163-h92-k-no,Football Field @ Ang Mo Kio (Astro 11-a-side) - Ang Mo Kio Secondary School,5,football (o),5.0(1),Soccer field 
https://lh5.googleusercontent.com/p/AF1QipM--C9SgLzvQBTk9POlSnfQ7uya_zgKaMgXp0tT=w163-h92-k-no,Football Field @ Ang Mo Kio (Astro 11-a-side) - Mayflower Secondary School,4,football (o),4.0(1),Soccer field 
https://lh5.googleusercontent.com/p/AF1QipN6A-c9LOjN4SgWB8SkEuvToy1871VsQ9UfPX-H=w204-h92-k-no,FootballPlus Field,5,football (O),5.0(2),Soccer field 
https://lh5.googleusercontent.com/p/AF1QipMssjFdlBcLmjhmISdT7ngIxzRGN4rR6IjBrJNU=w122-h92-k-no,BSS School Field,,football (o),Soccer field ,Soccer field 
https://lh5.googleusercontent.com/p/AF1QipNJLrOrxF4Um1-VmqF6NnBpTkU24kd3XN5QAYIG=w122-h92-k-no,Jalan Rajah Street Soccer Court,5,football (O),5.0(2),Futsal court 
https://lh5.googleusercontent.com/p/AF1QipOBs-AdaN1qU-1tN3-N6qsuCwOFBGT7li7gmeXF=w138-h92-k-no,Real Madrid Foundation Football & Basketball School Thomson,5,football (o),5.0(3),Soccer club 
https://lh5.googleusercontent.com/p/AF1QipNzqjkIXWPUs451PqsadEP28vv7s_6kdXmvRLnm=w80-h106-k-no,Bishan open soccerfield,5,football (o),5.0(1),Soccer field 
https://streetviewpixels-pa.googleapis.com/v1/thumbnail?panoid=RdYy9_eH_Vs6WAp-asygCg&cb_client=search.gws-prod.gps&w=80&h=92&yaw=118.47691&pitch=0&thumbfov=100,Street Soccer Court,5,football (o),5.0(3),Playground 
https://maps.gstatic.com/tactile/pane/result-no-thumbnail-2x.png,Beatty Secondary School Football Pitch Car Park,5,football (o),5.0(1),Soccer field 
https://lh5.googleusercontent.com/p/AF1QipOBAS0ZgJKtG4Hybg3TOKhm_BTl0XfNwQgi9Xyx=w122-h92-k-no,Badminton court- Blk 169/171 Bishan,4,badminton (o),4.0(1),Badminton court 
https://lh5.googleusercontent.com/p/AF1QipPTIi-g6AKy2XLiBt-qXg4-izBR_SQK0wGxZ9Er=w80-h142-k-no,The Gym Pod @ 315 Serangoon Avenue 2,5,"Weightlifting(I)
paid",5.0(2),Gym and Fitness Centre 
https://lh5.googleusercontent.com/p/AF1QipPmLcrZT8LUpvWItVfEVf0_XTxwyL3suYpy8l-_=w122-h92-k-no,Aze Badminton Academy,4.9,badminton (i),4.9(73),Badminton club 
https://streetviewpixels-pa.googleapis.com/v1/thumbnail?panoid=YrIHSxTL7AG0Lur8JoHAFQ&cb_client=search.gws-prod.gps&w=80&h=92&yaw=76.833374&pitch=0&thumbfov=100,Badminton court - Blk 200 Toa Payoh North,4,badminton (o),4.0(1),Badminton court 
https://lh5.googleusercontent.com/p/AF1QipO-GHC5kyGTIDrpS0InHVpTbQZwSHclVZGdMq5-=w80-h106-k-no,Badminton court - Blk 140 Bishan,3,badminton (O),3.0(1),Badminton court 
https://lh5.googleusercontent.com/p/AF1QipPWwR97VBvBMwYniXAmvmciWGVhbABuZUXnq4XI=w122-h92-k-no,Badminton court - Blk 125/126 Bishan,5,badminton (I),5.0(1),Badminton court 
https://streetviewpixels-pa.googleapis.com/v1/thumbnail?panoid=R_Brk8Kz9RvYNi72kW3KiQ&cb_client=search.gws-prod.gps&w=80&h=92&yaw=125.14399&pitch=0&thumbfov=100,Teck Ghee Badminton Court,,badminton (O),Badminton court ,Badminton court 
https://lh5.googleusercontent.com/p/AF1QipN4X8w6YXUOjFyMvGhud_M7tbLCb67GHGI8De6w=w122-h92-k-no,Bishan Active Park,4.2,"football (o)
running (O)
 basketball (O)",4.2(292),Park 
https://lh5.googleusercontent.com/p/AF1QipP9HSX4lFZU-I1rRIGtuKTw3l95_H4tu0kRXfIo=w122-h92-k-no,Blk 222 Basketball Court,4,basketball (O),4.0(12),Basketball court 
https://lh5.googleusercontent.com/p/AF1QipNSRaBQG-sD6cwm4EBTXPFPGd59NqpO1NXe6c0b=w80-h106-k-no,Bishan Zone 3 Basketball Court - Blk 187 Bishan,2,basketball (O),2.0(2),Basketball court 
https://lh5.googleusercontent.com/p/AF1QipOiZn3l79Ks8ldZoGWrMkay86jKGKG_59hp7bUD=w122-h92-k-no,Blk 112 Sheltered Basketball Court,4,basketball (i),4.0(1),Basketball court 
https://streetviewpixels-pa.googleapis.com/v1/thumbnail?panoid=XDQgEm0qve5QWNNcgakOzg&cb_client=search.gws-prod.gps&w=80&h=92&yaw=120.7363&pitch=0&thumbfov=100,Tennis court,,tennis (i),Park ,Park 
https://lh5.googleusercontent.com/p/AF1QipOInugUTM9ZNYJrxuP_WYmBoz_v_QLpNPn8eVk=w138-h92-k-no,Banana Tennis Academy,4.8,tennis (o),4.8(52),Tennis instructor 
https://streetviewpixels-pa.googleapis.com/v1/thumbnail?panoid=eGaR4R9a4XLnFXWpwGDG_Q&cb_client=search.gws-prod.gps&w=80&h=92&yaw=13.658118&pitch=0&thumbfov=100,Tennis Court Lighting,,tennis (o),Tennis court ,Tennis court 
https://maps.gstatic.com/tactile/pane/result-no-thumbnail-2x.png,Kensington Tennis Court,,tennis (o),Tennis court ,Tennis court 
https://lh5.googleusercontent.com/p/AF1QipO4G4SsWqhSGlxlJIybYrNJAeoAUdmc2Wk-gdZe=w122-h92-k-no,Khatib Basketball Court,5,basketball (I),5.0(3),Basketball court 
https://lh5.googleusercontent.com/p/AF1QipMVac1eiy7ahYkwmZ4KyLFcrJlhZwokPQfGwbCQ=w122-h92-k-no,Khatib Indoor Basketball Court,4.2,basketball (i),4.2(54),Basketball court 
https://streetviewpixels-pa.googleapis.com/v1/thumbnail?panoid=gN4tA3zfT_54xIofpzJTLg&cb_client=search.gws-prod.gps&w=80&h=92&yaw=86.6745&pitch=0&thumbfov=100,Blk 540 Sheltered Badminton Court,,badminton (O),Playground ,Playground 
https://maps.gstatic.com/tactile/pane/result-no-thumbnail-2x.png,Blk 262 Badminton Court,,badminton (o),Playground ,Playground 
https://lh5.googleusercontent.com/p/AF1QipOQCt32Os5QHMon_9__hfwBuMrm5HWokni5wSo_=w163-h92-k-no,Bishan Active Badminton Courts,4,badminton (O),4.0(1),Badminton court 
https://streetviewpixels-pa.googleapis.com/v1/thumbnail?panoid=FVyn-So5a8YeRkmlARR54g&cb_client=search.gws-prod.gps&w=80&h=92&yaw=251.3891&pitch=0&thumbfov=100,Kebun Baru Community Club Badminton Court,5,badminton (I),5.0(1),Badminton court 
https://streetviewpixels-pa.googleapis.com/v1/thumbnail?panoid=2pLVLBSpEYefSPzsuhl8QA&cb_client=search.gws-prod.gps&w=80&h=92&yaw=315.54376&pitch=0&thumbfov=100,Marymount Badminton Court,,badminton(O),Badminton court ,Badminton court 
https://lh5.googleusercontent.com/p/AF1QipMKoZc_oUyhZJqpU2-E6T8liZZcN8_sb6HxqFXN=w80-h106-k-no,Badminton court - Blk 181 Bishan,4,badminton(O),4.0(1),Badminton court 
https://lh5.googleusercontent.com/p/AF1QipPPLbJRO6qvLYq7ntf8bG9WmMu1XQfNQW7kJ1-d=w80-h106-k-no,Blk 189 Badminton Court,4,badminton (O),4.0(1),Badminton court 
https://lh5.googleusercontent.com/p/AF1QipNrbcGz6bVgFBsNZe6-3UQ5l9hOeIZ1_6Fepl5O=w80-h106-k-no,BNNP Futsal Court,3.8,football(o),3.8(9),Futsal court 
https://lh5.googleusercontent.com/p/AF1QipOrPoIyjkO7mSJ5PguPzuV73y9lyOTQHRy6HBT9=w163-h92-k-no,Blk 413 Street Soccer Court,,football(O),Futsal court ,Futsal court 
https://lh5.googleusercontent.com/p/AF1QipPWRTeJFsU27Y3uIF_mYm9hnKC4ufBtvuEBKZwG=w204-h92-k-no,Blk 158 Street Soccer Court,,football (O),Futsal court ,Futsal court 
https://lh5.googleusercontent.com/p/AF1QipMK0fiyb2nMCR9qvfTQiJXN-oQS62kUbjls_kBy=w122-h92-k-no,Blk 564 Futsal Court,4.3,football (o),4.3(3),Futsal court 
https://lh5.googleusercontent.com/p/AF1QipNj0YOTc-b4wGoMcCNOL1MUeW7r2bxZfX0deCXg=w122-h92-k-no,Fernvale Futsal Court,,football (O),Futsal court ,Futsal court 
https://maps.gstatic.com/tactile/pane/result-no-thumbnail-2x.png,Blk 459 Basketball Court,,basketball (o),Basketball court ,Basketball court 
https://streetviewpixels-pa.googleapis.com/v1/thumbnail?panoid=Gwy3F-QB68KWOXLsOMbFPA&cb_client=search.gws-prod.gps&w=80&h=92&yaw=21.184397&pitch=0&thumbfov=100,Blk 564 Basketball Court,,Basketball (O),Basketball court ,Basketball court 
https://lh5.googleusercontent.com/p/AF1QipMX3v9JJVMrtMVm61VjAapEireXLP4fdHrlEvFx=w163-h92-k-no,Hougang United Football Club,3.9,"football (O)
running (O)",3.9(14),Football club 
https://streetviewpixels-pa.googleapis.com/v1/thumbnail?panoid=9fet1h1HPIqgY_JPj-OrPw&cb_client=search.gws-prod.gps&w=80&h=92&yaw=159.24516&pitch=0&thumbfov=100,Regentville Tennis Court,4,tennis (I),4.0(1),Tennis court 
https://lh5.googleusercontent.com/p/AF1QipNtSi5OqLJdgBAUGDgGOlG0-mZs1-h4EcL38Xzk=w80-h106-k-no,Jogging/Walking Track,4.3,running (o),4.3(4),Athletic track 
https://lh5.googleusercontent.com/p/AF1QipPNJRJnFp26xzKjHtGMBH-5iP9vSFLzvbmm7D-Z=w122-h92-k-no,Toa Payoh ActiveSG Stadium,4.1,"Football (O)
Running (O)",4.1(736),Temporarily closed 
https://lh5.googleusercontent.com/p/AF1QipOh8th_cCi95ZRfeww1u_2FdLZr-KRmLX92spAS=w122-h92-k-no,Play @ Heights Park,4.7,Football (O),4.7(128),Playground 
https://lh5.googleusercontent.com/p/AF1QipNzOWGcyxC-v0MtiXS27h8iAmYdsAFh14j2AUlf=w80-h106-k-no,Toa Payoh Heights Park,4.5,Football (O),4.5(17),Park 
https://lh5.googleusercontent.com/p/AF1QipMBVNtTW-ljo2q5ZdsI4ApG2VASHxZEUspAzCY=w163-h92-k-no,Toa Payoh Sensory Park,3.9,Running (O),3.9(234),Park 
https://lh5.googleusercontent.com/p/AF1QipN71fpHqlFAbMy9EbNkYyxKjy4prGULVHvUrGhC=w138-h92-k-no,SAFRA Toa Payoh,4.3,"Swimming 
Badminton 
Paid","4.3(3,312)",Recreation center 
https://lh5.googleusercontent.com/p/AF1QipNQID54qVnEj2LxR28vumhnOWksOdvzQIWeuMJB=w122-h92-k-no,Futsal Court,4.7,Football (O),4.7(3),Futsal court 
https://lh5.googleusercontent.com/p/AF1QipNHk7N9E5xeCB9i9VRitUNdfjaW1fO-dgf1t1d1=w92-h92-k-no,CoLeague Basketball,5,Basketball (O),5.0(9),Basketball club 
https://lh5.googleusercontent.com/p/AF1QipOJyO5h_XmXfsCh5gyFf6dbBR7yYJSm7_8QnIOB=w122-h92-k-no,Basketball court,5,Basketball (O),5.0(3),Basketball court 
https://maps.gstatic.com/tactile/pane/result-no-thumbnail-2x.png,Basketball Court,4.6,Basketball (O),4.6(7),Basketball court 
https://streetviewpixels-pa.googleapis.com/v1/thumbnail?panoid=hHBlO7MKtYflFKwTbv_a6w&cb_client=search.gws-prod.gps&w=80&h=92&yaw=187.37965&pitch=0&thumbfov=100,Basketball Court,3,Basketball (O),3.0(1),Basketball court 
https://lh5.googleusercontent.com/p/AF1QipNmONiXdH90lOrKAT3PhNnsgXJ327BT0OVBvjBT=w204-h92-k-no,Blk 9 Toa Payoh Basketball Court,4.5,Basketball (O),4.5(6),Basketball court 
https://lh5.googleusercontent.com/p/AF1QipMS26yjrmAd7qh1myd57coEXb8NSD2DSXRnJjN0=w160-h92-k-no,Blk 205 Toa Payoh Basketball court,4.4,Basketball (O),4.4(32),Basketball court 
https://lh5.googleusercontent.com/p/AF1QipPZH1VowOtMSfLI9TZPbre86ksYWhK_xV_5jJCS=w80-h106-k-no,Badminton court - Blk 58 Circuit Rd,2,Badminton (O),2.0(1),Badminton court 
https://lh5.googleusercontent.com/p/AF1QipNrlpGcnCTUPoOnZuT7Nyfu4zYCrk1og_1y6uyO=w80-h106-k-no,Badminton court - Blk 147 Toa Payoh Lor 2,,Badminton (O),Badminton court ,Badminton court 
https://lh5.googleusercontent.com/p/AF1QipN2Bdtllm6fWW4ZzuJedSZtgkrWAoUlP2nVpJHK=w122-h92-k-no,Badminton court - Blk 46 Marine Crescent,4,Badminton (O),4.0(1),Badminton court 
https://lh5.googleusercontent.com/p/AF1QipOKMJihfzfah_IloEks07RJP_40DsM1u4vX_ody=w122-h92-k-no,Blk 20 Balam Rd - Badminton Court,3,Badminton (O),3.0(1),Badminton court 
https://lh5.googleusercontent.com/p/AF1QipOVzXKmDitDHJBIkATtIzXI2Lgrcf4FwJDRGyP5=w122-h92-k-no,Badminton court - Blk 70 Toa Payoh Lor 4,1,Badminton (O),1.0(1),Badminton court 
https://lh5.googleusercontent.com/p/AF1QipPB_b-RZWFsQoCTrek7xpPMBlS14nokapVSk7gM=w122-h92-k-no,Badminton Court,2.7,Badminton (O),2.7(3),Badminton court 
https://lh5.googleusercontent.com/p/AF1QipPkEg4nwqM_chQ0_XMYBTkPfPPrmj9bjp4KHMJg=w80-h106-k-no,Badminton court- Blk 74A/75B Redhill Rd,4,Badminton (O),4.0(1),Badminton court 
https://lh5.googleusercontent.com/p/AF1QipOWOG3Z4qks-6IcxTl8iZ4ymSHq28JrIMhN4tUf=w80-h106-k-no,Badminton court - Blk 42 Beo Crescent,2,Badminton (O),2.0(1),Badminton court 
https://lh5.googleusercontent.com/p/AF1QipPk7PP28tZHkj-Lrv02dABgpokqjNUICmklESoI=w80-h106-k-no,Badminton court - Blk 118A Jln Membina,4,Badminton (O),4.0(1),Badminton court 
https://lh5.googleusercontent.com/p/AF1QipPoSfdWpqtKv5uqn9YjP7pqck7Gg8CKsfh1l-Xi=w80-h106-k-no,Badminton court - Blk 3 Queenâ€™s Rd,2,Badminton (O),2.0(1),Badminton court 
https://lh5.googleusercontent.com/p/AF1QipO_5oiSi099jRi9kDt-268WcgTx1VHSFOTK_p_W=w80-h106-k-no,Badminton court - Blk 116 Bukit Merah Central,4,Badminton (O),4.0(1),Badminton court 
https://streetviewpixels-pa.googleapis.com/v1/thumbnail?panoid=cKUkg-OdGkp7I4BE5JJ4yg&cb_client=search.gws-prod.gps&w=80&h=92&yaw=79.14654&pitch=0&thumbfov=100,Badminton Court,3,Badminton (O),3.0(3),Badminton court 
https://lh5.googleusercontent.com/p/AF1QipPcXCTK31IBYCDQvhOLTILzwLvZeHy5IxDu8FZ3=w163-h92-k-no,Block 79A Toa Payoh Central - Badminton Court,3.7,Badminton (O),3.7(3),Badminton court 
https://lh5.googleusercontent.com/p/AF1QipPYz-mzEcFFoTHxKGBjm5nzJcxtoNJTJy35yUnC=w199-h92-k-no,Badminton/Speak Takraw Court (Blk 426),4,Badminton (O),4.0(1),Badminton court 
https://streetviewpixels-pa.googleapis.com/v1/thumbnail?panoid=Aj-mAxLr_hpIyCSKM1kwag&cb_client=search.gws-prod.gps&w=80&h=92&yaw=310.88385&pitch=0&thumbfov=100,Badminton Court,,Badminton (O),Badminton court ,Badminton court 
https://lh5.googleusercontent.com/p/AF1QipO4RnD8f5NB2KYPU_D3aRw04xGps7qi7neL1H0m=w199-h92-k-no,Badminton/Sepak Takraw Court (Blk 331),3,Badminton (O),3.0(1),Badminton court 
https://streetviewpixels-pa.googleapis.com/v1/thumbnail?panoid=dj-4soBkzy8K_t5Wtyqh1w&cb_client=search.gws-prod.gps&w=80&h=92&yaw=324.868&pitch=0&thumbfov=100,Blk 496D Badminton Court,5,Badminton (O),5.0(1),Badminton court 
https://lh5.googleusercontent.com/p/AF1QipM52WR3Q8tt_iobEHtM2rTVrDCZXMjtxoQ3n1ui=w80-h142-k-no,Badminton Court,,Badminton (O),Badminton court ,Badminton court 
https://lh5.googleusercontent.com/p/AF1QipPpinhpKHwDfFT0U-lQy0DVATsC1jv010GDK6rW=w122-h92-k-no,Tampines Green Forest Park,4.5,Running (O),4.5(357),Park 
https://lh5.googleusercontent.com/p/AF1QipNFD6pnaCBCOILXzCfaH_B1fn2tZ04HYgsfO4qZ=w80-h106-k-no,Tampines Park Connector,4.5,Running (O),4.5(21),Park 
https://lh5.googleusercontent.com/p/AF1QipM3ZCI1BvkMZHCEjfRq_TNoDFPVxEyfeX2WAfuP=w122-h92-k-no,Tampines Central Park,4.4,Running (O),4.4(566),Park 
https://lh5.googleusercontent.com/p/AF1QipNAd4wxuWdaBaiwYnMp_SiWCQem91i2g0NxxNBe=w122-h92-k-no,Tampines Eco Green,4.4,Running (O),4.4(776),Park 
https://lh5.googleusercontent.com/p/AF1QipMX2ZfH57p0qNJFljx_k2f-YkQIYWcdt1cjq_8=w122-h92-k-no,Tampines Park,4.2,Running (O),4.2(111),Park 
https://lh5.googleusercontent.com/p/AF1QipPm2vVZb_r1BSPx7IivvjocnqXZ4RVSLtEPerMA=w138-h92-k-no,True Fitness,3.8,"Weightlifting
Paid",3.8(220),Gym and Fitness Centre 
https://lh5.googleusercontent.com/p/AF1QipNxggzCB0J-mRBRIrptxmMLbf20O9GD9oPIKw9T=w163-h92-k-no,BFT Tampines West,5,"Weightlifting
Paid",5.0(107),Gym and Fitness Centre 
https://lh5.googleusercontent.com/p/AF1QipNtgo80_RrtTvBoi_WMtOtj9Jbk2aQikYgebOcp=w122-h92-k-no,Fitness First - Tampines (CPF building),4.1,"Weightlifting
Paid",4.1(184),Gym and Fitness Centre 
https://lh5.googleusercontent.com/p/AF1QipOEmbUJQqGVYuQQj-yY_sUF8fATT7g1wdONs6bN=w122-h92-k-no,Anytime Fitness Tampines,4.4,"Weightlifting
Paid",4.4(142),Gym and Fitness Centre 
https://lh5.googleusercontent.com/p/AF1QipOC7oTrJMjB44sWpTepMQdDE3gG1Atn_TxhMC0K=w138-h92-k-no,Homeground Gym Tampines,4.9,"Weightlifting 
Paid",4.9(85),Gym and Fitness Centre 
https://lh5.googleusercontent.com/p/AF1QipNS8Lw1uQSR52tlG1iMtHAUWCaaVz8lBayi67Ca=w80-h106-k-no,Running Track Our Tampines Hub,5,"Running (I & O)
Paid",5.0(5),Athletic track 
https://lh5.googleusercontent.com/p/AF1QipM_tjpfxv0oboh6Imaj9gND-GCWJkh9ZIbeQWG2=w80-h106-k-no,Tampines Swimming Complex,,"Swimming 
Paid",505 Tampines Ave 5 ,505 Tampines Ave 5 
https://lh5.googleusercontent.com/p/AF1QipPx7DBvIqn76xgfPk_K44SNsPEkL05aqpGi71QY=w123-h92-k-no,Futsal Court @ Tampines GreenEdge,4.4,Football (O),4.4(5),Futsal court 
https://lh5.googleusercontent.com/p/AF1QipNVy85eX5nSDY5YEegGoo8Cnj7sDpTSNvcQvXAH=w138-h92-k-no,SAFRA Tampines,4.1,"Basketball (O)
Tennis (O)
Swimming (O)
Football (O)
Badminton
Paid","4.1(1,405)",Recreation center 
https://lh5.googleusercontent.com/p/AF1QipNQx0-qbfaOF5ltd0cpzJPLz9lMw950ewqPTi7b=w204-h92-k-no,Ang Mo Kio Badminton Court,,Badminton (O),Badminton court ,Badminton court 
https://lh5.googleusercontent.com/p/AF1QipNr33DT1xE2NjSFmRh87fbeY5Dt0PS0HN5dvS1U=w122-h92-k-no,Ang Mo Kio Blk 604 Basketball Court,4,Basketball (o),4.0(1),Basketball court 
https://lh5.googleusercontent.com/p/AF1QipMcLD39p5mS_po30wzjpLTulONAQ9CHEhVhcWbX=w80-h106-k-no,Kebun Baru Community Club Basketball Court,4,Basketball (o),4.0(1),Basketball court 
https://streetviewpixels-pa.googleapis.com/v1/thumbnail?panoid=uWHR0pStUhtilevdTcgfLw&cb_client=search.gws-prod.gps&w=80&h=92&yaw=137.1657&pitch=0&thumbfov=100,Basket ball court,,Basketball (O),Gym and Fitness Centre ,Gym and Fitness Centre 
https://lh5.googleusercontent.com/p/AF1QipPi4wFsUwtC-b3y8TTmshKJB_O2XeORygXPoz_5=w162-h92-k-no,AMK North Garden Basketball Court,5,Basketball (O),5.0(2),Gym and Fitness Centre 
https://lh5.googleusercontent.com/p/AF1QipNLCZZe1g99GXOOwmX1J36vSMG7f2atj4EPR44f=w165-h92-k-no,Bishan ActiveSG Sports Centre,3.9,"Gym
Football(O)",3.9(11),Sports complex 
https://lh5.googleusercontent.com/p/AF1QipNRXjUZoYpo6Oupip_2ITHfWzgMGFgPPfALz7Ng=w122-h92-k-no,Yio Chu Kang ActiveSG Sports Hall,4.2,"Gym
Badminton (I)
Tennis (O)",4.2(119),Sports complex 
https://lh5.googleusercontent.com/p/AF1QipMM9TJziVvMpUsr93_-Ao3GABz-asgMosfk3zF0=w163-h92-k-no,NYP Block G Sports Complex,5,"Running (O)
Tennis (O)
Football(O)
Basketball(O)",5.0(2),School 
https://lh5.googleusercontent.com/p/AF1QipMPzGPcpOIFBI1Lz8vXtow65o9Ee0Xyl5i_HGE=w122-h92-k-no,NYP Stadium,4.4,Swim (O) paid,4.4(64),Stadium 
https://lh5.googleusercontent.com/p/AF1QipOaY2NJoZJqJmLs4sRR2pOaz32BjIXA0xCRLIMB=w122-h92-k-no,Yio Chu Kang ActiveSG Swimming Complex,4.1,Swimming (O),4.1(354),Swimming pool 
https://lh5.googleusercontent.com/p/AF1QipPxxvKy-A9pn1a2szdADrT8N54HmXxILm2GnDUp=w122-h92-k-no,ActiveSG Gym at Ang Mo Kio Community Centre,4.3,Gym,4.3(94),Gym and Fitness Centre 
https://lh5.googleusercontent.com/p/AF1QipMjoXkRLZSLtKI3ipVHnZIekJznV4uRMymxCiWI=w122-h92-k-no,Ang Mo Kio ActiveSG Swimming Complex,4,,4.0(433),Temporarily closed 
https://lh5.googleusercontent.com/p/AF1QipP05t2Hx05rfzkm0E-H7o65CGr6ThB8rADM92QS=w163-h92-k-no,Tampines Street 22 Street Soccer Court,5,Football (O),5.0(3),Futsal court 
https://lh5.googleusercontent.com/p/AF1QipPUM6zsq4cpL_vh79DNOIS2FxD-yZrVJOPV0rS0=w122-h92-k-no,Tampines North Park,4.3,Running (O),4.3(99),Park 
https://lh5.googleusercontent.com/p/AF1QipNaRdczMmf52or_bCF-F5bPoolqj_oGwGR2TXdO=w80-h112-k-no,Play T West,4.4,Basketball (O),4.4(38),Playground 
https://lh5.googleusercontent.com/p/AF1QipNW-GlZpK2lXlDMDQtkAganjxH-Pdnx_e0VmT0_=w92-h92-k-no,Our Tampines Hub ActiveSG Community Auditorium,4.5,"Weightlifting
Swimming
Running 
Badminton
Paid","4.5(1,044)",Auditorium 
https://lh5.googleusercontent.com/p/AF1QipM9K6ec9IXwo3DeLRrNExVm47AyssfExxbECGpP=w122-h92-k-no,Tampines West Community Club,4.4,"Basketball 
Badminton 
Tennis
Paid",4.4(272),Community center 
https://lh5.googleusercontent.com/p/AF1QipP3MT8hND1jZSauaVAh6Ralbo2bMISAuWSkQToa=w122-h92-k-no,Sheltered Playground @ Tampines Blk 842,4.6,Basketball,4.6(12),Playground 
https://lh5.googleusercontent.com/p/AF1QipP07GCq9OlNIbWQm5P4iP-HzcG1mYqL8ZWAHWwd=w163-h92-k-no,Block 106 Simei Basketball Court,5,Basketball,5.0(5),Basketball court 
https://streetviewpixels-pa.googleapis.com/v1/thumbnail?panoid=1os0kK3698-ZPUs3SrKa1w&cb_client=search.gws-prod.gps&w=80&h=92&yaw=189.18127&pitch=0&thumbfov=100,Sheltered Basketball Court @ Tampines West CC,,"Basketball
Paid",Basketball court ,Basketball court 
https://lh5.googleusercontent.com/p/AF1QipOsxdpkH9Ybd6Eyxjfz24owsbiwRc8-MGa-Alvx=w122-h92-k-no,Sheltered Basketball court,3.7,Basketball,3.7(3),Basketball court 
https://lh5.googleusercontent.com/p/AF1QipMX804No8uC_iUdzXUc_Uy70gGiamJDzc5IDLMa=w80-h106-k-no,209 Tampines Street 21 Basketball Court,,Basketball (O),Basketball court ,Basketball court 
https://lh5.googleusercontent.com/p/AF1QipOxDGQdzGwE06TUHMpVUBrqYzFXIesj9K8GOQfi=w80-h106-k-no,Basketball Court @ TCP,4.3,Basketball (O),4.3(4),Basketball court 
https://lh5.googleusercontent.com/p/AF1QipMMMMriSRWdP9LH08_qM0Y7TWwbR2APFkRpxKAS=w122-h92-k-no,Basketball Court @ Tampines Blk 492B,5,Basketball (O),5.0(5),Basketball court 
https://lh5.googleusercontent.com/p/AF1QipMs-PmejYh7hlkhYTRCx-chQ5_y8jKHNM0ev6YY=w80-h106-k-no,201 Tampines Basketball Court,5,Basketball (O),5.0(2),Sports club 
https://lh5.googleusercontent.com/p/AF1QipOze4vw62NE7fdSMbC2R2EPpBRapjE79ndwVRXd=w80-h106-k-no,Basketball Court @ Tampines Blk 450,3.7,Basketball (O),3.7(3),Basketball court 
https://lh5.googleusercontent.com/p/AF1QipN3NLygXvb_t0blPCHUyV_ts7mQ8EYy1KaODOAE=w123-h92-k-no,Basketball Courts @ Tampines GreenEdge,4.7,Basketball (O),4.7(3),Basketball court 
https://lh5.googleusercontent.com/p/AF1QipPAjWr3l-fr4D-BdIMCttm-N0K1VFFGlE62haBP=w122-h92-k-no,Sembawang Park,4.4,Running(O),"4.4(5,294)",Park 
https://lh5.googleusercontent.com/p/AF1QipP-OshPrAv5WSZXpkkCBUPZvp51xxYa11odvZkH=w122-h92-k-no,Kent Ridge Park,4.6,Running(O),"4.6(1,372)",Park 
https://lh5.googleusercontent.com/p/AF1QipM8dw2VeTqpYTKBTSl55gDMm5cxid-uHTx0l9tZ=w80-h106-k-no,Canterbury Park,4.8,Running(O),4.8(18),Park 
https://lh5.googleusercontent.com/p/AF1QipPTeOQvWxAVK9jD-Kpoj9b4J_EWhUBjnml8gmS9=w122-h92-k-no,Alexandra Canal Linear Park,4.5,Running(O),4.5(84),Park 
https://lh5.googleusercontent.com/p/AF1QipPRa8kN8GlVOjiUT2V4G7flAE1z5OrswqqwcLre=w92-h92-k-no,Punggol Point Park,4.5,Running(O),4.5(721),Park 
https://lh5.googleusercontent.com/p/AF1QipO0EtHYxLhAwRCtyqSOBOMyemx8UnrVC-FKFdzg=w122-h92-k-no,Punggol Park,4.4,Running(O),"4.4(2,957)",Park 
https://lh5.googleusercontent.com/p/AF1QipP_I3kdZgMtUY0-IXCWw2ohCfNjrwGRu89hbjdh=w122-h92-k-no,Blk 225 Badminton Court,4.3,Badminton(O),4.3(6),Badminton court 
https://streetviewpixels-pa.googleapis.com/v1/thumbnail?panoid=NTmEL6elJUJTRPtuS3Zdjg&cb_client=search.gws-prod.gps&w=80&h=92&yaw=5.6502047&pitch=0&thumbfov=100,Braddell Heights CC Street Soccer Court,,Football(O),Futsal court ,Futsal court 
https://lh5.googleusercontent.com/p/AF1QipMgXGp9_Ay1BrRJl8EHlBUm4_GaImKiALfLKib1=w80-h142-k-no,Blk 50 Badminton Court,4,Badminton(O),4.0(2),Badminton court 
https://streetviewpixels-pa.googleapis.com/v1/thumbnail?panoid=LgvMpHXRj23jFDiUZTuPPg&cb_client=search.gws-prod.gps&w=80&h=92&yaw=284.9495&pitch=0&thumbfov=100,Blk 469/Blk 470 Sheltered Badminton Court,,Badminton(I),Badminton court ,Badminton court 
https://lh5.googleusercontent.com/p/AF1QipMM4-OhFZWmV1Phrkr6OYo8lcZ6_gif0E9EM3PP=w80-h177-k-no,Blk 517/Blk 518 Badminton Court,,Badminton(O),Badminton court ,Badminton court 
https://lh5.googleusercontent.com/p/AF1QipPJ8vGqz0w5Vxi-4br69P241myXXskkMtpwG4Gr=w204-h92-k-no,Blk 552 Badminton Court,,Badminton(O),Badminton court ,Badminton court 
https://lh5.googleusercontent.com/p/AF1QipOaQkviF6-e-DM0XLqJUtHidtid4NHriq5gjffS=w204-h92-k-no,Lor Lew Lian Badminton Court,,Badminton(O),Badminton court ,Badminton court 
https://lh5.googleusercontent.com/p/AF1QipNMFT5VhYkT2LPsvPO79eInQArmvtk_2ulevODG=w204-h92-k-no,Blk 114 Outdoor Badminton Court,,Badminton(O),Badminton court ,Badminton court 
https://lh5.googleusercontent.com/p/AF1QipPxudfFVUyjiPeRTDwfniRJloIxG-jWCGu1Fbyo=w122-h92-k-no,Yio Chu Kang Squash And Tennis Centre,4.3,"Tennis(O)
paid",4.3(103),Squash court 
https://lh5.googleusercontent.com/p/AF1QipPSR484GJ1kU8jOeMYqPUWOgb38KlcEwC4gWvJc=w163-h92-k-no,Buangkok Forest,4.6,Running (O),4.6(7),National forest 
https://lh5.googleusercontent.com/p/AF1QipNqFP2UfP6kjEbNIcHff3cXaPbbEFr6aT4bUm5J=w122-h92-k-no,Serangoon Park Connector (PCN) trail head,4.5,Running(O),4.5(2),Hiking area 
https://lh5.googleusercontent.com/p/AF1QipPPafD2ztRDh5Ye_pdYIgZ_LG--uHocKjziDLiI=w122-h92-k-no,Serangoon Community Park,4.2,Running(O),4.2(411),Park 
https://lh5.googleusercontent.com/p/AF1QipP2phQ3whehle6EgwiSooHYq0A_X9QHwtYQshhw=w122-h92-k-no,Serangoon ActiveSG Swimming Complex,4.1,"Swimming(O)
paid",4.1(307),Swimming pool 
https://lh5.googleusercontent.com/p/AF1QipOR5UwpeWkP060qbeUzquvQZ0V5Ps1KoYvdkFPH=w122-h92-k-no,Yio Chu Kang ActiveSG Stadium,4.1,"Football(O)
Running(O)",4.1(335),Stadium 
https://lh5.googleusercontent.com/p/AF1QipN0aZpYyo-XEsIHt-yL87GRzbCuRFMFLfmjmSjz=w204-h92-k-no,Blk 510 Street Soccer Court,4.7,Football(O),4.7(3),Futsal court 
https://lh5.googleusercontent.com/p/AF1QipPTvmlVvdhjPGrvPcanT2ZG_tyHG8yTFlAtHgWd=w122-h92-k-no,Serangoon Stadium,4.1,"Football(O)
Running(O)","4.1(1,023)",Stadium 
https://lh5.googleusercontent.com/p/AF1QipNJaNpfP_zWQMmPKbtHcyHUd4PRy7EC9F0iTNgI=w122-h92-k-no,Basketball Court,4.4,Basketball(O),4.4(14),Basketball court 
https://lh5.googleusercontent.com/p/AF1QipOwo0SQJ970z2_9r1dPsEz3U6HiTgT98SfNI28U=w163-h92-k-no,Blk 536 Basketball Court,,Basketball(O),Basketball court ,Basketball court 
https://lh5.googleusercontent.com/p/AF1QipOLWdWlcQtHSvbON-87nf6R6PeDfEX_RspQHy6s=w122-h92-k-no,Basketball Court,,Basketball(O),Basketball court ,Basketball court 
https://lh5.googleusercontent.com/p/AF1QipO76u1_TtnZ5KSc4jKEOct1dZFYd9-HLEDlAPAb=w80-h106-k-no,Badminton Court,4,Badminton(O),4.0(8),Badminton court 
https://lh5.googleusercontent.com/p/AF1QipMsmu6OyKM1VVLljQK_-Suk-qmU6szmVw_B5H8n=w216-h92-k-no,Blk 465 Basketball Court,3.3,Basketball(O),3.3(9),Basketball court 
https://lh5.googleusercontent.com/p/AF1QipNQ71u5bOKdeDoshzZNXbWx3rvw2QUm4FXdkjm-=w204-h92-k-no,JSP Basketball Court,,Basketball(O),Basketball court ,Basketball court 
https://lh5.googleusercontent.com/p/AF1QipOJQa1El-8i_SX9lfhnh78JDgp8OvF0kd11oFNb=w204-h92-k-no,Blk 509 Basketball Court,4.4,Basketball(O),4.4(5),Basketball court 
https://lh5.googleusercontent.com/p/AF1QipPVyoMPD9DbnRwx0_EJi_PvINYpHiMuX1ZJ6kmy=w122-h92-k-no,Blk 537 Basketball Court,4.8,Basketball(O),4.8(4),Basketball court 
https://lh5.googleusercontent.com/p/AF1QipMdX_R8OlAeBZAoU19X21Mi0DV6bqLsgfLkRjvl=w122-h92-k-no,Braddell Heights CC Basketball Court,4.3,Basketball(O),4.3(4),Basketball court 
https://lh5.googleusercontent.com/p/AF1QipMBLDNiL1k7NjO4AUdyBTqQShFAkIILA6Ds0yun=w80-h106-k-no,Blk 419 Basketball Court,4.5,Basketball(O),4.5(4),Basketball court 
https://lh5.googleusercontent.com/p/AF1QipNKeDFnmmpBi7eUUfiC6JtADh0JuPsdN4yH5WcO=w80-h106-k-no,Badminton Court,4,Badminton(O),4.0(1),Badminton court 
https://lh5.googleusercontent.com/p/AF1QipOX83lE1UtNwXvb-QEW8WUbNkiJNUhzgTYGKY3f=w80-h106-k-no,Sengkang Community Club,4.2,"Basketball(I)
Badminton(I) paid","4.2(1,464)",Community center 
https://lh5.googleusercontent.com/p/AF1QipOYNmZ7Izh6yJPiyds0QaW9tpiCPklEWtz1srMv=w122-h92-k-no,Sembawang Community Club,4.1,"Badminton(I)
paid",4.1(429),Community center 
https://lh5.googleusercontent.com/p/AF1QipMvbEeloihnGup3Ji6SxbrKZuJRawZLuG71HbzS=w80-h106-k-no,Sengkang ActiveSG Gym,4.2,"Weightlifting(I)
paid",4.2(21),Gym and Fitness Centre 
https://lh5.googleusercontent.com/p/AF1QipOzNg-4cw8iJtvTU13CEpPwZjGQY-MKv2UENvJe=w80-h141-k-no,Sungei Serangoon Park Connector,4.5,Running(O),4.5(232),Hiking area 
https://lh5.googleusercontent.com/p/AF1QipOz3eqlP1HNXt-xGYkLIBQkykUQIhBE4weL1ThY=w163-h92-k-no,Sengkang ActiveSG Sports Centre,4.3,"Swimming(O)
Badminton(I)
Weightlifting(I)
paid","4.3(2,197)",Sports complex 
https://lh5.googleusercontent.com/p/AF1QipMuh6pU9FQRqMgE4nWI99jSYBl7-cTz-1fEppyF=w148-h92-k-no,Sengkang Riverside Park,4.4,Running(O),"4.4(2,007)",Park 
https://lh5.googleusercontent.com/p/AF1QipMSPUFKXAWsWqXXjtT3KYrrWJD5w9XWepdQxTzG=w163-h92-k-no,Sengkang Swimming Complex,4.3,"Swimming(O)
paid","4.3(1,430)",Swimming pool 
https://lh5.googleusercontent.com/p/AF1QipORNgyjv4u6dT3Dw4priz42UZF4WIN8IR4dRM3h=w163-h92-k-no,Sengkang CC Futsal Court,5,"Football(I)
paid",5.0(1),Futsal court 
https://maps.gstatic.com/tactile/pane/result-no-thumbnail-2x.png,Street Soccer Court,5,Football(O),5.0(1),Futsal court 
https://maps.gstatic.com/tactile/pane/result-no-thumbnail-2x.png,Rooftop Soccer Court,,Football(O),Soccer field ,Soccer field 
https://maps.gstatic.com/tactile/pane/result-no-thumbnail-2x.png,Elias Basketball Court,5,Basketball(O),5.0(1),Basketball court 
https://maps.gstatic.com/tactile/pane/result-no-thumbnail-2x.png,459 Sengkang West Way basketball court,,Basketball(O),Basketball court ,Basketball court 
https://maps.gstatic.com/tactile/pane/result-no-thumbnail-2x.png,Rivervale Basketball Court,3.2,Basketball(I),3.2(6),Basketball court 
https://maps.gstatic.com/tactile/pane/result-no-thumbnail-2x.png,Basketball Court @ Sengkang east way 121,4.3,Basketball(O),4.3(12),Basketball court 
https://maps.gstatic.com/tactile/pane/result-no-thumbnail-2x.png,Rivervale Crescent Basketball Court,4.2,Basketball(O),4.2(5),Basketball court 
https://maps.gstatic.com/tactile/pane/result-no-thumbnail-2x.png,Fernvale Basketball Court,3.6,Basketball(O),3.6(12),Basketball court 
https://maps.gstatic.com/tactile/pane/result-no-thumbnail-2x.png,Compassvale Link Basketball Court,3.3,Basketball(O),3.3(3),Basketball court 
https://maps.gstatic.com/tactile/pane/result-no-thumbnail-2x.png,272C Sengkang Central Basketball Court,2,Basketball(O),2.0(2),Basketball court 
https://maps.gstatic.com/tactile/pane/result-no-thumbnail-2x.png,Sengkang Square Basketball Court,4.1,Basketball(O),4.1(14),Basketball court 
https://maps.gstatic.com/tactile/pane/result-no-thumbnail-2x.png,Canberra Community Club,4.1,"Badminton(I)
paid","4.1(1,008)",Community center 
https://maps.gstatic.com/tactile/pane/result-no-thumbnail-2x.png,Blk 578 Badminton Court,5,Badminton(O),5.0(1),Badminton court 
https://maps.gstatic.com/tactile/pane/result-no-thumbnail-2x.png,Burghley ActiveSG Squash & Tennis Centre,4.2,"Tennis(O) 
paid",4.2(141),Squash court 
https://maps.gstatic.com/tactile/pane/result-no-thumbnail-2x.png,Braddell View Tennis Courts,3,Tennis(O),3.0(2),Tennis court 
https://maps.gstatic.com/tactile/pane/result-no-thumbnail-2x.png,Yio Chu Kang Tennis Centre,4.4,Tennis(O),4.4(19),Tennis court 
https://maps.gstatic.com/tactile/pane/result-no-thumbnail-2x.png,Sembawang Hot Spring Park,4.3,Running(O),"4.3(1,489)",Park 
https://maps.gstatic.com/tactile/pane/result-no-thumbnail-2x.png,Futsal Pitch at Sendudok Park,2,Football (O),2.0(2),Futsal court 
https://maps.gstatic.com/tactile/pane/result-no-thumbnail-2x.png,Sembawang Futsal Court,,Football (O),Futsal court ,Futsal court 
https://maps.gstatic.com/tactile/pane/result-no-thumbnail-2x.png,Basketball Court,2,Basketball(O),2.0(1),Basketball court 
https://lh5.googleusercontent.com/p/AF1QipPVNJXAsoID2pinE1N6UoGzlbMaPJDjW0rcat0=w80-h106-k-no,Bukit Canberra ActiveSG Swimming Complex,3.4,"Swimming(O)
paid",3.4(61),Swimming pool 
https://lh5.googleusercontent.com/p/AF1QipPrHRxDJLxhIHF9pLGIj6LVpFzmbgu7N8T94o61=w122-h92-k-no,Bukit Canberra ActiveSG Gym,3.7,"Weightlifting(I)
paid",3.7(84),Gym and Fitness Centre 
https://lh5.googleusercontent.com/p/AF1QipNXYtB6JwnJ2MSZaJyVVrDqkyIKWHU4mB-ShqdC=w148-h92-k-no,Bukit Canberra ActiveSG Sport Hall,4.3,"Badminton(I)
Paid",4.3(95),Sports complex 
https://lh5.googleusercontent.com/p/AF1QipNRM52b23Uy_m8hbgO6hGvc-7zUJHYY_YKlqnDn=w123-h92-k-no,WCP Basketball Court,4.3,Basketball(O),4.3(10),Basketball court 
https://lh5.googleusercontent.com/p/AF1QipOGHLw_dxAbs_oj2umMqcY3sFGxgTjZfblns-h4=w80-h106-k-no,Badminton court @ Blk 340 (Opposite to Sun Plaza),,Badminton(O),Sports club ,Sports club 
https://lh5.googleusercontent.com/p/AF1QipOv__fVCXmMYRqm8ozvN3iN19UoXqmSWX-sI-gC=w122-h92-k-no,"East Canberra Sports Hardcourts (Basketball, Futsal, Badminton)",3.7,"Basketball(O)
Badminton(O)
Football(O)",3.7(7),Sports complex 
https://lh5.googleusercontent.com/p/AF1QipOKTPbfiSpMhXLS_uxxpRptrCGmYm2KDC5Pyq_C=w122-h92-k-no,Basketball Court (Block 357C),2,Basketball(O),2.0(3),Basketball court 
https://lh5.googleusercontent.com/p/AF1QipMFmtcdJAdog2KglNg6ZoPuQvaoTqfyGKhI3k0m=w122-h92-k-no,Basketball court Blk 588,5,Basketball(O),5.0(2),Basketball court 
https://streetviewpixels-pa.googleapis.com/v1/thumbnail?panoid=VoPa1263P-gm5ReonPGIPw&cb_client=search.gws-prod.gps&w=80&h=92&yaw=122.84383&pitch=0&thumbfov=100,Basketball Court,5,Basketball(O),5.0(1),Basketball court 
https://lh5.googleusercontent.com/p/AF1QipMW9cRE5LFBoO6El2-51Xmd64k9kt1gHKBJCgFB=w122-h92-k-no,Sembawang Sheltered Basketball Court,4.6,Basketball(I),4.6(7),Basketball court 
https://lh5.googleusercontent.com/p/AF1QipNt1MSgS4MHdXPABBbltsZngxSpYjPBIzVwvIM=w122-h92-k-no,SkyParc Dawson Running Track,5,Running(O),5.0(6),Athletic track 
https://lh5.googleusercontent.com/p/AF1QipMYpohH6YQJdQ49dzOvADjSzWQOdVH83lHtWMsG=w122-h92-k-no,Jalan Rumah Tinggi Badminton Court,5,Badminton(O),5.0(4),Badminton court 
https://lh5.googleusercontent.com/p/AF1QipNWdPzvYf5GHj910AuLLVwSTEGn2ENaFFp016yc=w122-h92-k-no,Delta Sports Hall,4,"Badminton(O) 
paid",4.0(111),Badminton court 
https://lh5.googleusercontent.com/p/AF1QipPmDOFBydV3CtWAfOo0N031--ISo6MpCI_HUhIR=w122-h92-k-no,Badminton Court @ Blk 51 Lengkok Bahru,2,Badminton(O),2.0(2),Badminton court 
https://lh5.googleusercontent.com/p/AF1QipN0Xnsnv78QHgj3hJDFk67OpAf5NcXkc6jjJeH1=w80-h106-k-no,Badminton court - Blk 28C Dover Crescent,3,Badminton(O),3.0(1),Badminton court 
https://lh5.googleusercontent.com/p/AF1QipOx8CSNuOlt0zJNYlh5jfhOQzIytYX13ZFQhs-W=w80-h106-k-no,Badminton court - Blk 32A Margaret Drive,3,Badminton(O),3.0(1),Badminton court 
https://lh5.googleusercontent.com/p/AF1QipOLVpPw50G2-e1w9jm_e1XAjOXtH2FsltReGHgR=w122-h92-k-no,Badminton court - Blk 23 Ghim Moh Link (3rd Flr),3,Badminton(O),3.0(1),Badminton court 
https://lh5.googleusercontent.com/p/AF1QipOK-d6bJh64gFFPM32knEtISOihq-iituFT-lMI=w80-h106-k-no,Badminton court - Blk 4 Ghim Moh Rd,2,Badminton(O),2.0(1),Badminton court 
https://lh5.googleusercontent.com/p/AF1QipNqnDUTinOUw3s3ZbqDLLqIr3cvw853FC_kKJA3=w80-h106-k-no,Badminton court - Blk 87 Skyville@Dawson,2,Badminton(O),2.0(1),Badminton court 
https://lh5.googleusercontent.com/p/AF1QipPsJOI3sIihBftk5GtPsvre609eEnmT9-BbNHu8=w80-h106-k-no,Badminton court- SkyTerrace@Dawson,3,Badminton(O),3.0(1),Badminton court 
https://lh5.googleusercontent.com/p/AF1QipOEMHAmEvDegWXZBzGsK0r74dwwjC4n2DNtZ7Cg=w80-h106-k-no,Badminton court- Blk 110 Commonwealth Crescent,3,Badminton(O),3.0(1),Badminton court 
https://lh5.googleusercontent.com/p/AF1QipO-_uVsQuyMFV0HWRURtuzCIqheUocewLohmvoP=w80-h106-k-no,Badminton court - Blk 2 Holland Ave,2,Badminton(O),2.0(1),Badminton court 
https://lh5.googleusercontent.com/p/AF1QipM1z4Kn4CCcB7O8MmEnvtFkX60lOZr3A5Ko-OXb=w80-h106-k-no,Badminton court - Blk 95 Commonwealth Drive,4,Badminton(O),4.0(1),Badminton court 
https://lh5.googleusercontent.com/p/AF1QipNR1rZvDUc33Cmkh96_1rcmwrGsQ1aa6rQlZ_m4=w80-h106-k-no,Badminton court - Blk 90 Commonwealth Drive,3,Badminton(O),3.0(1),Badminton court 
https://lh5.googleusercontent.com/p/AF1QipOocbwfh3AUgYZPvnRmQi8DZwsJ1jPub2bbGfOs=w80-h106-k-no,Badminton court @ 50 Strathmore Ave,2,Badminton(O),2.0(3),Badminton court 
https://lh5.googleusercontent.com/p/AF1QipNC-1SW_45W8swZKkP39GMJfTgjAx4rcOChwMQR=w80-h106-k-no,MBPSPORTS & Bliss Padel @ Marina Sports Centre,4.4,"Tennis(O)
paid",4.4(13),Sports club 
https://lh5.googleusercontent.com/p/AF1QipPh0nWiVuu8hYFkxZ4Q-XS--OqkwRCxv6TQErI=w138-h92-k-no,SITA Tennis Academy Main Centre,4.6,"Tennis (O)
paid",4.6(20),Tennis club 
https://lh5.googleusercontent.com/p/AF1QipPgm0KtjOTg1xFPLckq78p2UxMqVr_8OCs4mhqt=w163-h92-k-no,Public Badminton Court (Outdoor),2,Badminton(O),2.0(3),Badminton court 
https://lh5.googleusercontent.com/p/AF1QipNS_UbNmgzdNbMdq434NUjZOpSepB3zB1tLP3ij=w122-h92-k-no,Winchester Tennis Arena,4.3,"Tennis(I)
Paid",4.3(26),Tennis court 
https://lh5.googleusercontent.com/p/AF1QipN6rDKvYqmOR8446SlK6-LMQiMnkBZrX6tiU3Dx=w80-h106-k-no,Kampong Ubi CC basketball court,4.3,Basketball(O),4.3(6),Basketball court 
https://lh5.googleusercontent.com/p/AF1QipM2hOWW7nLrMD6cD0u_4zARKP7uLIIeIV0qVyqE=w204-h92-k-no,Potong Pasir Town Basketball Court,5,Basketball(O),5.0(2),Basketball court 
https://lh5.googleusercontent.com/p/AF1QipMH7JR9dmcVM4cBNBUDDuyrPAPF7uQgxbf7cdMj=w80-h106-k-no,Basketball Court,5,Basketball(O),5.0(2),Gym and Fitness Centre 
https://lh5.googleusercontent.com/p/AF1QipNXlmZg_emjb6eIqryo7RMYYWjF8J_07JSLp-yl=w199-h92-k-no,Basketball Court (Blk 419),,Basketball(O),Basketball court ,Basketball court 
https://lh5.googleusercontent.com/p/AF1QipNSuTX7O8bdaYgEErFOjhtex_RxfcgCu0FYsLvY=w80-h106-k-no,Block 224 Bukit Batok Basketball Court,4.8,Basketball(I),4.8(5),Basketball court 
https://lh5.googleusercontent.com/p/AF1QipPz8Hl_IjJUS5IvQzjRRB0Te6-BkDfEnSCbfFOY=w163-h92-k-no,Tanglin Halt Futsal Court,3,Football(O),3.0(3),Futsal court 
https://lh5.googleusercontent.com/p/AF1QipMzCCNzNxLqppf-muMSLwWQo_XnTuDnOMrn7K4w=w122-h92-k-no,ikun basketball court,4.5,Basketball(O),4.5(23),Basketball court 
https://lh5.googleusercontent.com/p/AF1QipOkLwyhtCWsbsMDDQnP000l3RaemK5C8Wb3lBe3=w80-h142-k-no,Basketball Court,,Basketball(O),Basketball court ,Basketball court 
https://lh5.googleusercontent.com/p/AF1QipOhHDLW2o4vRPY6AEuAmGSwoQnXoqX28AzwVemc=w80-h106-k-no,Block 304 Bukit Batok Basketball Court,4.6,Basketball(O),4.6(13),Basketball court 
https://lh5.googleusercontent.com/p/AF1QipMQT68N0175ZRwXsDrucs6ILFjrXnsVd15c0U9e=w80-h106-k-no,Bukit Gombak MRT Basketball Court,5,Basketball(O),5.0(1),Basketball court 
https://lh5.googleusercontent.com/p/AF1QipOVZSp5ywW8F2Vy3QQdgPBIA6mPBtCNejcC2hgy=w122-h92-k-no,Basketball Court,,Basketball(O),Basketball court ,Basketball court 
https://lh5.googleusercontent.com/p/AF1QipPKbwDtb1Z2F9A0KlBlvNFwYKMJOVkWsBnlpJ1x=w122-h92-k-no,Basketball Court,5,Basketball(O),5.0(1),Basketball court 
https://streetviewpixels-pa.googleapis.com/v1/thumbnail?panoid=WPOno0nAkJ-_x1aLwM7-tA&cb_client=search.gws-prod.gps&w=80&h=92&yaw=163.23479&pitch=0&thumbfov=100,Basketball Court,,Basketball(O),Basketball court ,Basketball court 
https://lh5.googleusercontent.com/p/AF1QipMXCGENhQUMtKdp27LZQ44Wj3l6orKQ3WkP9l3C=w163-h92-k-no,Basketball Court,3.5,Basketball(O),3.5(19),Basketball court 
https://lh5.googleusercontent.com/p/AF1QipOCDjhABQDmuIgTySI-EKuiaDmzJVaH3DxGATbz=w163-h92-k-no,Buona Vista Community Club,4.2,"Basketball(I)
Badminton(I)","4.2(1,040)",Community center 
https://lh5.googleusercontent.com/p/AF1QipNwGtmq2jKyfGCLd_VCKDRl3YvlNFiK3QBpJkiW=w163-h92-k-no,Basketball court,4,Basketball(I),4.0(3),Basketball court 
https://lh5.googleusercontent.com/p/AF1QipPdR1Tly1rdPVAnLlqqri0AJrBFUWUrPdATkBeW=w122-h92-k-no,Basketball court - Blk 112 Bukit Purmei,4,Basketball(O),4.0(1),Basketball court 
https://lh5.googleusercontent.com/p/AF1QipMmUaPu7XOLTE3-BA-hiW3cHEdTsie48jvMEcBC=w163-h92-k-no,Basketball Court,5,Basketball(I),5.0(5),Gym and Fitness Centre 
https://lh5.googleusercontent.com/p/AF1QipP5-4qp7vwGl_ODWptR8DqfluhjJwZ__BLNxVz6=w80-h106-k-no,Bukit Panjang CC Basketball Court,2.4,Basketball(O),2.4(7),Basketball court 
https://lh5.googleusercontent.com/p/AF1QipM0igZ6h28X7UOupMXnPWNdV5fleYH8vZ81mqxu=w80-h106-k-no,Basketball Court,4.8,Basketball(O),4.8(4),Basketball court 
https://lh5.googleusercontent.com/p/AF1QipNV5tZlDFrtdIBnddvtCflHxj3RhAWFCn-7zGgk=w122-h92-k-no,Tanjong Pagar Basketball Court,4.3,Basketball(O),4.3(28),Basketball court 
https://lh5.googleusercontent.com/p/AF1QipNJ7_QlTXZWC5sxHE9aV9DM3hlbKSmAe0zhHpO2=w80-h106-k-no,Pinnacle @ Duxton Basketball Court,4.3,Basketball(O),4.3(3),Basketball court 
https://lh5.googleusercontent.com/p/AF1QipOKUTA_BGqUMeWmoUgk93_9aCUkw9QVhzpfNAyf=w122-h92-k-no,Blk 8 Jalan Kukoh Basketball court,4,Basketball(O),4.0(1),Basketball court 
https://lh5.googleusercontent.com/p/AF1QipOC-90fQcSwhProJftIHYdmmxOV_rhbys0k6cY-=w122-h92-k-no,Holland Close Street Soccer Court,,Football(O),Futsal court ,Futsal court 
https://lh5.googleusercontent.com/p/AF1QipNxqu5NBjdHzdL0cpwBNuLetry8uoiu_Li-ANvW=w122-h92-k-no,Radin Mas CC Sheltered Basketball Court,4,Basketball(I),4.0(1),Basketball court 
https://lh5.googleusercontent.com/p/AF1QipOKNxuKQRDlP9sQz3nRllTpTlUZILMG3XvSK3aA=w122-h92-k-no,Blk 93 Henderson Rd - Basketball Court,3,Basketball(O),3.0(1),Basketball court 
https://lh5.googleusercontent.com/p/AF1QipMYlovaoyt-V-_e-HU_D9b2BqQv7NkvcUjgMF3s=w80-h106-k-no,25B Lower Delta Rd Basketball Court,4,Basketball(O),4.0(19),Basketball court 
https://lh5.googleusercontent.com/p/AF1QipMkm5dez7lIL23uLAd5cYA3Lr_gyGR6ghj3C6XY=w122-h92-k-no,Basketball court - Blk 108 Jalan Bukit Merah,4,Basketball(O),4.0(1),Basketball court 
https://lh5.googleusercontent.com/p/AF1QipPX76inkO_HmwpIuhWk7s1yCYoHwx-sEZUlLG0O=w122-h92-k-no,Commonwealth Park,4.5,Running(O),4.5(19),Park 
https://lh5.googleusercontent.com/p/AF1QipPHMINHGSIFdOAkJYRh2PQLj2LM7xbrDe7OkADo=w122-h92-k-no,Outdoor Basketball Court,4,Basketball(O),4.0(1),Basketball court 
https://streetviewpixels-pa.googleapis.com/v1/thumbnail?panoid=GpoqKfLJupC_wPaxWbnmJw&cb_client=search.gws-prod.gps&w=80&h=92&yaw=339.0498&pitch=0&thumbfov=100,Kim Seng Community Center Basketball court,,Basketball(O),Basketball court ,Basketball court 
https://lh5.googleusercontent.com/p/AF1QipN8RcD24fGWCLFRBxvAfuV1UWCTkB1Omt2zEiNo=w80-h106-k-no,Basketball Court @ Blk 90 Redhill Close,4,Basketball(O),4.0(4),Basketball court 
https://lh5.googleusercontent.com/p/AF1QipNi5YgHgHBdLtNWs5huQWkjWPkpj541R9ODb4pf=w122-h92-k-no,Rumah Tinggi Outdoor Basketball Court,2.8,Basketball(O),2.8(5),Basketball court 
https://lh5.googleusercontent.com/p/AF1QipNP9XvavpvkWQ8_aAwKfeUYt5IGHqsyc-MR4WFT=w122-h92-k-no,Sports @ Buona Vista,4,Basketball(I),4.0(26),Sports complex 
https://lh5.googleusercontent.com/p/AF1QipMzxZXVj0HIa661nTouKJdxAUZInftZ0MV-cmB8=w80-h120-k-no,Basketball Court @ JTC LaunchPad @ one-north,4.3,Basketball(O),4.3(21),Basketball court 
https://lh5.googleusercontent.com/p/AF1QipOaot73hTFt-HwjIoCOnCeP13c4-SQA2s-_J35Y=w157-h92-k-no,Queenstown Community Centre,4.2,Basketball(O),4.2(681),Community center 
https://lh5.googleusercontent.com/p/AF1QipMBHDHWjYjbfki_yL0FCYIfcHDdRYEE_CDU33E7=w248-h92-k-no,SAFRA Punggol,4.2,"Football(O)
Basketball(O)
Swimming Pool(O)
Tennis(O)
Badminton(I)
Paid","4.2(2,433)",Recreation center 
https://lh5.googleusercontent.com/p/AF1QipPgQ0N5wxIBLyhNlTN_2xiR4MNfdOzSzVcYmK_j=w80-h107-k-no,Futsal Court,,Football(O),Futsal court ,Futsal court 
https://lh5.googleusercontent.com/p/AF1QipNe1z9D3_TQ3KTrGRxj8Ih0_VF-sfxp0Uj6cUH1=w122-h92-k-no,Punggol Promenade Nature Walk,,Running(O),,
https://lh5.googleusercontent.com/p/AF1QipM6KANkd07OMc3duH-_3oxsWtJtaZ2rYr5Ic4-W=w80-h142-k-no,Punggol Waterway Park,4.5,Running(O),"4.5(2,485)",Park 
https://streetviewpixels-pa.googleapis.com/v1/thumbnail?panoid=1Dbq9VBe_eeWQgwgpd17aw&cb_client=search.gws-prod.gps&w=80&h=92&yaw=194.03285&pitch=0&thumbfov=100,Punggol Meridian Basketball Court,5,Basketball(O),5.0(1),Basketball court 
https://lh5.googleusercontent.com/p/AF1QipNdDm2URyNWfpVuTl_jj52MfM986y4xnwBvz5d7=w122-h92-k-no,Basketball Court,5,Basketball(O),5.0(1),Basketball court 
https://lh5.googleusercontent.com/p/AF1QipOYVwjHi8waXOom087YYJxRTC_n-Ga-A8mkV6dj=w122-h92-k-no,Badminton Court 1,3,Badminton(O),3.0(2),Badminton court 
https://lh5.googleusercontent.com/p/AF1QipNbkdsQ9TJLbm1MfTpqKng4H40jzbJh4tF7o8Pd=w81-h92-k-no,295 Badminton court,5,Badminton(O),5.0(1),Badminton court 
https://lh5.googleusercontent.com/p/AF1QipPAGKf6JfQfuMzfKlhCEWbfqK_U8hT3tAPisF3o=w122-h92-k-no,Badminton Court,5,Badminton(O),5.0(3),Badminton court 
https://lh5.googleusercontent.com/p/AF1QipP4vRTiHRI4yxR76mWSKSj38b1Z1GhqNeI85Vmk=w122-h92-k-no,273 Badminton Court,5,Badminton(O),5.0(1),Badminton court 
https://lh5.googleusercontent.com/p/AF1QipOD_rDPHiFVGCIq_tznjiBQuaEVYKtWsUSOZUdg=w80-h106-k-no,Badminton Court,5,Badminton(O),5.0(1),Badminton court 
https://lh5.googleusercontent.com/p/AF1QipNBn-vAod33PuBy-2OQYwbaguy2lmi3bstCEQkD=w122-h92-k-no,Badminton Court,5,Badminton(O),5.0(1),Badminton court 
https://lh5.googleusercontent.com/p/AF1QipP8ZDX47o8oddjVGzM4xnW_0-9Qn98YlSSmzifS=w80-h142-k-no,badminton punggol,5,Badminton(O),5.0(1),Park 
https://streetviewpixels-pa.googleapis.com/v1/thumbnail?panoid=38vJuUbK0NWb2bwEtVlGdA&cb_client=search.gws-prod.gps&w=80&h=92&yaw=124.86784&pitch=0&thumbfov=100,Badminton Court,,Badminton(O),Badminton court ,Badminton court 
https://lh5.googleusercontent.com/p/AF1QipOHh42M4IkiK_kp6CO3FDXlaK8_lQl8yxDrJu4F=w122-h92-k-no,Badminton Court,5,Badminton(O),5.0(2),Badminton court 
https://lh5.googleusercontent.com/p/AF1QipOw5sPjmK3uC-lvnYzAGjH6mwd9WPGvuaBNFVzL=w122-h92-k-no,Badminton Court,5,Badminton(O),5.0(2),Badminton court 
https://lh5.googleusercontent.com/p/AF1QipMQlpBkx_h2uhSmXFkxvtPCl05yL1J1RSpKPksI=w122-h92-k-no,OBA Arena @ Punggol,2.5,"Badminton(I)
Paid",2.5(43),Sports club 
https://lh5.googleusercontent.com/p/AF1QipMI2p82kZgDqoARB8bHId8ejh5_E2OQ7X-o-3vK=w80-h106-k-no,Basketball Court,4,Basketball(O),4.0(1),Basketball court 
https://lh5.googleusercontent.com/p/AF1QipMGOc2GOfAXZU-p760tlkb145nABv_v7OGlkEYf=w80-h106-k-no,Edgedale Green Basement Basketball Court,5,Basketball(O),5.0(1),Basketball court 
https://lh5.googleusercontent.com/p/AF1QipO0VxVox7UT7IasvhvIWRbB5q8eA2XOBjJhLB2d=w80-h106-k-no,Common Green Basketball Court,4,Basketball(O),4.0(3),Basketball court 
https://lh5.googleusercontent.com/p/AF1QipPIfS5IWM5b0TkMfY9z7Tenp9awqpuxOnws8E11=w122-h92-k-no,Basketball Court,3.9,Basketball(O),3.9(10),Basketball court 
https://lh5.googleusercontent.com/p/AF1QipMgJznzbDmXt3rV5N26ASDKsrTkbmZKzZABI9UF=w122-h92-k-no,Basketball Court,3.6,Basketball(O),3.6(7),Basketball court 
https://lh5.googleusercontent.com/p/AF1QipOL9ai0wKCEz8jKsV1K8v57Jr6xO_l8OKijNczZ=w122-h92-k-no,211A Punggol Walk Basketball Court,4.4,Basketball(O),4.4(53),Basketball court 
https://lh5.googleusercontent.com/p/AF1QipNYk09RcFUSPnrVyn81RJvoPHLZoqUQES-SkbwN=w122-h92-k-no,Punggol Green Basketball Court,4.2,Basketball(I),4.2(10),Basketball court 
https://lh5.googleusercontent.com/p/AF1QipOqFLYcQUtuOkwyLVusJIFhoyJdZDM9ljKW051g=w163-h92-k-no,Hougang ActiveSG Stadium,4.3,"Running (O)
Soccer (O)","4.3(1,196)",Stadium 
https://lh5.googleusercontent.com/p/AF1QipOaY9b0t7nR8XLz2zgCL9i6t6YYalOQoQk0Pm1d=w122-h92-k-no,Exercise Park,4.2,"Soccer (O)
Basketball (O)
Running (O)",4.2(10),Fitness center 
https://lh5.googleusercontent.com/p/AF1QipMcP-kQ0Ve-e_s15LMoFW818-JiX279GEYfQMwo=w80-h106-k-no,Street Soccer Court,,Soccer (O),Futsal court ,Futsal court 
https://lh5.googleusercontent.com/p/AF1QipNgehlFvosL1HLGXCxf9ZoPH4e3MFmATUC_EY-o=w80-h106-k-no,Blk 315 Street Soccer Court,,Soccer (O),Futsal court ,Futsal court 
https://lh5.googleusercontent.com/p/AF1QipMZGywacEdBXBGPZa7zGJsWxuX32xo6-yqmaaWJ=w80-h106-k-no,CYSP Street Soccer Court,,Soccer (O),Futsal court ,Futsal court 
https://lh5.googleusercontent.com/p/AF1QipMxwwNKrVU8oT1woLiOcN1IFyt9AaUna3foQU1n=w80-h106-k-no,Blk 341 Upper Court (Street Soccer Court),,Soccer (O),Futsal court ,Futsal court 
https://lh5.googleusercontent.com/p/AF1QipOJ-eFnNYjl__mfTAHH09TJ1hGdGciYmiIN4qSe=w163-h92-k-no,Blk 341 Football Field,4.2,Soccer (O),4.2(5),Soccer field 
https://lh5.googleusercontent.com/p/AF1QipOG2vaSdLkh2aShYrmuKPvJ0qBzU4LvjDzUbCOr=w122-h92-k-no,"Football Field (Hougang, Grass, 11-a-side) Punggol Community Club",,Soccer (O),Soccer field ,Soccer field 
https://lh5.googleusercontent.com/p/AF1QipO7DDim8kCafleytwAHCfl_1KXFZ9k49a5o079t=w119-h92-k-no,Buangkok Sports Park,3.9,"Tennis (O)
Soccer (O)",3.9(172),Park 
https://lh5.googleusercontent.com/p/AF1QipOYBZQ_Oin9fIZaodbRZtEsrNO8cQCOEYPnT4c5=w122-h92-k-no,Hougang PCN,4,Running (O),4.0(3),Hiking area 
https://lh5.googleusercontent.com/p/AF1QipPf4NAcknnBqz4eFE-9Le05yp8cPF7Mwzll7Zg9=w80-h106-k-no,Serangoon PCN,4.5,Running (O),4.5(56),Hiking area 
