index,X,Y,Name,Images,Ratings,Sports,Facility
0,103.8635461,1.4218848,Rower's Bay Park,https://lh5.googleusercontent.com/p/AF1QipMQ1B8CKEKjIvX0DF21tnpiCKBSBuRb-y9ARxWs=w122-h92-k-no,4.4,Running (O),Park
1,103.8324319,1.4101641,Lower Seletar Reservoir Park,https://lh5.googleusercontent.com/p/AF1QipOI1rdHKU9TBTYR8E5pn-BWB8Hb-OLw0LvZxTgU=w163-h92-k-no,4.5,Running (O),Park
2,103.843378,1.4218358,Park Grove @ Yishun,https://lh5.googleusercontent.com/p/AF1QipO9zHLsc1SGkJfiGw_DzhLarUE6RbQgdAEjyCE=w194-h92-k-no,4.0,Running (O),HDB Flats
3,103.8608958,1.4237068,Yishun Dam,https://lh5.googleusercontent.com/p/AF1QipPS4HdbM-im-akEaehEwXtAy3dnLcfw_4T1_Vy9=w122-h92-k-no,4.4,Running (O),Tourist attraction
4,103.8514851,1.4273966,Everspring Park @ Yishun,https://lh5.googleusercontent.com/p/AF1QipP-T1n7dkKIuxJGs21YQqJ6Y7qq8maqwvWiAIIN=w92-h92-k-no,4.3,"Running (O)
Basketball (O)
Football (O)",Park
5,103.8304712,1.4161114,Yishun N8 Park,https://lh5.googleusercontent.com/p/AF1QipPBcOmfRnwqa7ZXKKWT_4vr5K-SC1ZqpCkT7p1I=w80-h106-k-no,4.8,"Running (O)
Football (O)",Park
6,103.8201618,1.4010748,Springleaf Nature Park,https://lh5.googleusercontent.com/p/AF1QipMDK1cE_YWTJ7p5ahdXpyz83nW49bQwvn4LTqLc=w122-h92-k-no,4.4,Running (O),Park
7,103.8431386,1.429097,Khatib Bongsu Park Connector,https://lh5.googleusercontent.com/p/AF1QipP3ppV0pKhUt8aAFDzb9vlPEpDofgHpTfcCgY8=w163-h92-k-no,4.6,Running (O),Park
8,103.839271,1.4209655,Yishun Green Link,https://lh5.googleusercontent.com/p/AF1QipPmrv9U1rztk1fiMZt-d_EZGCNwq_klfQCC9Upz=w122-h92-k-no,3.8,Running (O),Park
9,103.8353384,1.4379231,Yishun Neighbourhood Park,https://lh5.googleusercontent.com/p/AF1QipM-TkWepnzmo7JoMFiggtKsjU9tJIaC_HDW-mfJ=w163-h92-k-no,4.4,Running (O),Park
10,103.843087,1.4317376,Yishun Nature Park @ Yishun Greenwalk,https://lh5.googleusercontent.com/p/AF1QipMajpnjGgpHKcjtOsovLzkhy_zvoKBJvyJBcjNT=w122-h92-k-no,4.4,Running (O),Park
11,103.8357212,1.4257614,Yishun Town Garden,https://lh5.googleusercontent.com/p/AF1QipPHLCk3Z0oXM_b9jE5-g12J0-Nj3tJYEpvJYBIJ=w163-h92-k-no,4.1,Running (O),Park
12,103.8399388,1.4279278,Yishun Pond Park,https://lh5.googleusercontent.com/p/AF1QipMYbaHnNdvOIfdGRbw103Jm1QsT1GxPDKwoThf8=w122-h92-k-no,4.4,Running (O),Park
13,103.8425364,1.4245497,Yishun Park,https://lh5.googleusercontent.com/p/AF1QipN22ZZkIa9hX952rte19UN0wDTRUQafCSpmeu5W=w122-h92-k-no,4.3,Running (O),Park
14,103.8410367,1.4242843,Swimming Pool (SAFRA Yishun),https://lh5.googleusercontent.com/p/AF1QipO5J6hupWkQZvJ_w5RwsT3qAGVhrGUIturpeaKC=w122-h92-k-no,4.6,"Swimming (O)
Paid",Swimming pool
15,103.833608,1.4232449,Yishun Swimming Complex,https://lh5.googleusercontent.com/p/AF1QipOutk_Ah9gBY5plOaR6ziSouJZ_Qm7IXAaNDqqq=w122-h92-k-no,4.0,"Swimming (O)
Paid",Swimming pool
16,103.8386845,1.4276042,Nee Soon Sports Centre,https://lh5.googleusercontent.com/p/AF1QipMuGR4hjPYXP8XH2A1dGYjwXClS7HqqoJ9x_R4=w163-h92-k-no,4.1,"Football 
Basketball
Paid",Sports complex
17,103.8386456,1.42752,FutsalArena @ Yishun,https://lh5.googleusercontent.com/p/AF1QipN4Odls-8m8WeA05s5lVtTkKANUZ1JfKd98GQS3=w122-h92-k-no,4.2,"Football 
Paid",Futsal court
18,103.8488446,1.4254189,Nee Soon East Park,https://lh5.googleusercontent.com/p/AF1QipNNZ8wu4i7xrEMpIB6xHN3AOLGHzWPR4woQhAq-=w122-h92-k-no,4.0,"Running (O)
Basketball (O)",Park
19,103.8422325,1.4167174,Rockridge Park @ Yishun,https://lh5.googleusercontent.com/p/AF1QipND4p7BTIN3a9AuyBuey8GYI0mUOYwJHV30IvWV=w163-h92-k-no,4.2,Running (O),Park
20,103.8326676,1.4279555,Nee Soon Central Community Park,https://lh5.googleusercontent.com/p/AF1QipMEnM6AQA9yanO6clbuaKXxvt4U8hXyjT7ODew5=w80-h142-k-no,4.2,Running (O),Park
21,103.8312693,1.4122117,Yishun ActiveSG Sports Hall,https://lh5.googleusercontent.com/p/AF1QipPU__vslAejMAOIApk65Td88ccYLIEQqpCEvndg=w122-h92-k-no,4.1,"Badminton
Paid",Sports complex
22,103.8340225,1.4167162,MPC @ Khatib,https://lh5.googleusercontent.com/p/AF1QipMpiQZsUbVHjqq6OmpkG_EDxaTXpzF7HrVa7V5x=w135-h92-k-no,4.3,Basketball,Basketball court
23,103.8388836,1.4195936,Sheltered Basketball Court @ Block 636,https://streetviewpixels-pa.googleapis.com/v1/thumbnail?panoid=v8XMkMXO9PMm87zYl0BiIA&cb_client=search.gws-prod.gps&w=80&h=92&yaw=31.371473&pitch=0&thumbfov=100,3.0,Basketball,Basketball court
24,103.842126,1.4310444,Yishun River Green Basketball Court,https://lh5.googleusercontent.com/p/AF1QipN_3Otj6bURG1PwfSlZ3vv5qTSv6pZ--F1ld9cb=w80-h106-k-no,3.7,,Basketball court
25,103.7710263,1.4377883,The Gym Pod @ Marsiling Park,https://lh5.googleusercontent.com/p/AF1QipOpC0AS7aHd_yrNz7rfkf-eqUlOTKygVwixzuzL=w122-h92-k-no,4.3,,Gym and Fitness Centre
26,103.7988399,1.4321377,Block 46 Forestville,https://lh5.googleusercontent.com/p/AF1QipMGdsLHdj35uNVhabSbRyYjdaHXZ04-li6YvCeP=w122-h92-k-no,5.0,,Apartment building
27,103.8880491,1.3212711,Geylang Sports and Recreation Centre,https://lh5.googleusercontent.com/p/AF1QipMQrLCXhah3D-khJjLPqMvP8c-x_3C6oGuzuCaj=w122-h92-k-no,3.5,"swimming (o)
basketball (i)
badminton (i)",Sports complex
28,103.6932988,1.3385286,Jurong West ActiveSG Sports Hall,https://lh5.googleusercontent.com/p/AF1QipNZk0Vids7oJXzaLFnqDn4SzEI24AUbYO0vKgtV=w122-h92-k-no,4.4,badminton (i),Stadium
29,103.9324105,1.3270179,Bedok ActiveSG Sports Hall,https://lh5.googleusercontent.com/p/AF1QipPzIbDwId6jXOrIA8dv1SlXMGPN2O7rlzaqaRbY=w80-h106-k-no,5.0,"gym (I)
badminton (I)",Sports complex
30,103.7795611,1.4345985,Woodlands ActiveSG Gym,https://lh5.googleusercontent.com/p/AF1QipMrsf_v8C-O6mPXdJSxvGfLgCfYnhRAuaQpKl3F=w163-h92-k-no,4.3,gym (I),Gym and Fitness Centre
31,103.8312693,1.4122117,Yishun ActiveSG Gym,https://lh5.googleusercontent.com/p/AF1QipMEK3DDUdbE-c2uWZP1IiVYJlx_NbQ1F1ep_VTL=w80-h142-k-no,4.1,"football (o)
running (o)
gym (i)",Gym and Fitness Centre
32,103.8724412,1.3227999,Kallang Basin ActiveSG Swimming Complex,https://lh5.googleusercontent.com/p/AF1QipMEgjFMUb2gdIl2TWm_1IpE9S4PAiTXzTcSWNde=w122-h92-k-no,4.0,swimming (o),Swimming pool
33,103.8878425,1.3212974,Geylang East ActiveSG Swimming Complex,https://lh5.googleusercontent.com/p/AF1QipP4Y2sEaHmkAIcRWjf3tN-HpiaCgn7W8L_xizkk=w122-h92-k-no,4.1,swimming (o),Swimming facility
34,103.779798,1.434104,Woodlands Sports Centre (ActiveSG),https://lh5.googleusercontent.com/p/AF1QipMyN2nhF7MOt3nLFCYGEqDtIvgxOMuUSMSVNW_Z=w122-h92-k-no,4.1,"running (o)
football (O)
swimming (o)
gym (i)",Sports complex
35,103.7656508,1.3107809,Clementi ActiveSG Swimming Complex,https://lh5.googleusercontent.com/p/AF1QipOY2SjfxW6Tnfa3ycHMRrN8zUM7qwHaGAmkY71G=w163-h92-k-no,4.2,swimming (o),Swimming pool
36,103.7481531,1.3910416,Choa Chu Kang ActiveSG Sports Centre,https://lh5.googleusercontent.com/p/AF1QipOu8h4qhZpRYsFqm60MsG7vWvkK-2NgKF21NPyx=w122-h92-k-no,4.1,"badminton(i)
swimming (o)",Sports complex
37,103.9407675,1.3536977,Tampines ActiveSG Gym,https://lh5.googleusercontent.com/p/AF1QipO6xwZBoYPPw4Az-KpU01xr6z_0OEhqM4C06xxg=w164-h92-k-no,4.1,gym(i),Gym and Fitness Centre
38,103.9321493,1.3269753,Bedok ActiveSG Gym,https://streetviewpixels-pa.googleapis.com/v1/thumbnail?panoid=fyrr5UOlI3Wk-BFgmWrg1w&cb_client=search.gws-prod.gps&w=80&h=92&yaw=165.28229&pitch=0&thumbfov=100,3.5,gym(i),Sports complex
39,103.6944039,1.3383463,Jurong West ActiveSG Stadium,https://lh5.googleusercontent.com/p/AF1QipP4HWbCH847RHGDxbscu4KiQsPY51j7pfgXNYe5=w163-h92-k-no,4.7,"running (O)
football (O)",Stadium
40,103.8732223,1.3914599,ActiveSG Gym at Fernvale Square,https://lh5.googleusercontent.com/p/AF1QipPtgYX2wE6tfy0Ldzx4N5N7N9ZSkquZ3Z8tYNBn=w122-h92-k-no,4.4,gym(i),Gym and Fitness Centre
41,103.7781211,1.4370798,Woodlands Botanical Garden,https://lh5.googleusercontent.com/p/AF1QipMoaKOLT1IP66socQugusE9oPShUOhTF1oG4aNx=w122-h92-k-no,4.8,Running (O),Botanical garden
42,103.778494,1.4528459,Woodlands Jetty,https://lh5.googleusercontent.com/p/AF1QipPbIwlij_ZlkCTa28nAA0IWgmqYxEjtxwPZ5FGY=w122-h92-k-no,4.5,Running (O),Fishing pier
43,103.7941668,1.4348682,Mandai Tekong Park,https://lh5.googleusercontent.com/p/AF1QipO9HXQo_YDYhEjGMZvz7NnB8W1LOYEbLoLeIJPc=w122-h92-k-no,4.3,Running (O),Park
44,103.801567,1.4387533,Woodlands Admiral Garden,https://lh5.googleusercontent.com/p/AF1QipNnFaFDZ-GlVAkGn5yLmt5lVyGrx_s9ZRPwfgU2=w162-h92-k-no,4.4,Running (O),Park
45,103.803979,1.4447582,Woodlands Crescent Park,https://lh5.googleusercontent.com/p/AF1QipOb02vSRkJ_rOMqEIyr0ilE-n9ZtSVNNW7HdcGU=w163-h92-k-no,4.2,Running (O),Park
46,103.7955961,1.4234718,Woodlands Park Connector (Ave 12),https://lh5.googleusercontent.com/p/AF1QipOcFhyBxiFzDYDgKg_vXRDwa4NhbTPe2sEz2ko2=w80-h106-k-no,4.6,Running (O),Hiking area
47,103.7699507,1.4378367,Marsiling Park,https://lh5.googleusercontent.com/p/AF1QipPjxzHxc1L8fuFmljUpBoZDWpCcgV1Vp2jN0KLF=w122-h92-k-no,4.1,Running (O),Park
48,103.7905053,1.4254469,Woodlands Park Connector (SLE),https://lh5.googleusercontent.com/p/AF1QipMdgpLmNSkohZ0JISGtehJgfY0Qe75IPZlGMyi_=w122-h92-k-no,4.7,Running (O),Hiking area
49,103.7804801,1.4530529,Woodlands Waterfront Park,https://lh5.googleusercontent.com/p/AF1QipMNc8riIsYBq-aEtNUoOzNmObsb3PDARR2-bV-X=w122-h92-k-no,4.5,Running (O),Park
50,103.7792449,1.4366405,Woodlands Town Park East,https://lh5.googleusercontent.com/p/AF1QipMVNz0h2zETQl7U5WlsBA5RZQM7Z6NbjSwNu0zK=w163-h92-k-no,4.3,Running (O),Park
51,103.7895291,1.4379934,Woodlands (Ave 7) Park Connector,https://lh5.googleusercontent.com/p/AF1QipN4qvBI6L1Tu8K-d6oIpGCgsw7KYcQsKoyVkSQE=w189-h92-k-no,4.4,Running (O),Park
52,103.7795368,1.4344994,Woodlands Swimming Complex,https://lh5.googleusercontent.com/p/AF1QipO3sgHjchohkHvcTpFLqADeHAleoJAMPb4KWHAy=w231-h92-k-no,4.1,"Swimming (O)
Paid",Public swimming pool
53,103.7803127,1.4349828,Woodlands Stadium - ActiveSG,https://lh5.googleusercontent.com/p/AF1QipNfE_mnmvHXWzeBBDMsc2i2kw_rc7ISmQ5TZVtj=w138-h92-k-no,4.3,"Football
Running 
Paid",Stadium
54,103.7796959,1.4343111,Woodlands Sports Hall (ActiveSG),https://lh5.googleusercontent.com/p/AF1QipNk0ZpFRMrY0auDB0jcdzd_jXuGX3Whihwe4oxr=w163-h92-k-no,4.0,"Badminton 
Paid",Gym and Fitness Centre
55,103.7768409,1.4408707,Block 10 HDB Marsiling Basketball court,https://streetviewpixels-pa.googleapis.com/v1/thumbnail?panoid=FafcPQV8hplSSCymOLx_Hw&cb_client=search.gws-prod.gps&w=80&h=92&yaw=6.6252265&pitch=0&thumbfov=100,5.0,Basketball (O),Basketball court
56,103.7999548,1.437119,WAG Outdoor Basketball Court,https://lh5.googleusercontent.com/p/AF1QipNg1chilotvf1lfhimkAgb4qcvdVTYsTNLH5J42=w163-h92-k-no,,Basketball (O),Basketball court
57,103.7974001,1.4292847,VP Sheltered Basketball Court,https://lh5.googleusercontent.com/p/AF1QipOakvj9N5Y2gH4TFsQSOlafDN7fU67OqKKsWSIg=w80-h142-k-no,3.5,Basketball,Basketball court
58,103.775723,1.4400123,Net Free Basketball Court,https://lh5.googleusercontent.com/p/AF1QipNIkMWUm2EJYYXnuhZxfx1soMNuXAcobHgq7Prx=w80-h106-k-no,2.8,Basketball (O),Basketball court
59,103.7933666,1.4332111,Fragrant Woods Basketball Court,https://lh5.googleusercontent.com/p/AF1QipOMVTVBRNZh1DS2fe4B5GoZRiwn8ZCSRwvCvj8S=w80-h106-k-no,3.5,Basketball (O),Basketball court
60,103.7759469,1.4436659,9 Marsiling Lane Basketball Court,https://lh5.googleusercontent.com/p/AF1QipOesXCk6ZfhzPIcqlZ0hKwGIVrOKZ3AvJMflSio=w80-h106-k-no,,Basketball (O),Basketball court
61,103.786681,1.4414125,806 Woodlands St 81 Basketball Court,https://lh5.googleusercontent.com/p/AF1QipPKC3zxJVCcW1H24cvTadYU_o_YrWbSYAkdmwNg=w122-h92-k-no,3.8,Basketball,Basketball court
62,103.8449726,1.3354666,Toa Payoh West Community Club,https://lh5.googleusercontent.com/p/AF1QipPCUV5Kq9Eg665X_CTQoZG_6qzdNcjIe2b0ZBzM=w122-h92-k-no,4.2,"Badminton 
Paid",Community center
63,103.8546523,1.3362303,Toa Payoh East Community Club,https://lh5.googleusercontent.com/p/AF1QipPQzlc-7R08Uv0T3ie8fI8JodL8vgnoMp0ryKvz=w163-h92-k-no,4.1,"Badminton
Paid",Community center
64,103.8598126,1.3263177,Badminton court - Blk 21 Jalan Tenteram,https://lh5.googleusercontent.com/p/AF1QipNgrKbUf-Af_IvYd4Sxl0TSzx_446e4sfLTCtV-=w80-h106-k-no,3.0,Badminton (O),Badminton court
65,103.8593405,1.3349224,Toa Payoh South Community Club,https://lh5.googleusercontent.com/p/AF1QipP1pZLwUZwQps9pfX9yprQ160Bavgn478UQPp8Z=w163-h92-k-no,4.1,"Badminton 
Paid",Community center
66,103.8544076,1.3299504,SAFRA EnergyOne (SAFRA Toa Payoh),https://lh5.googleusercontent.com/p/AF1QipMbP7IUEMymihZZHhTP4pFG-JgDPOj0icCKqoQz=w163-h92-k-no,4.2,"Weightlifting 
Paid",Gym and Fitness Centre
67,103.7644784,1.3819191,ActiveSG Gym at Senja-Cashew,https://lh5.googleusercontent.com/p/AF1QipPv-7031dFGd89SwZjkLaxYMF0PSy3SmWbFsiVz=w80-h106-k-no,3.6,gym (i),Gym and Fitness Centre
68,103.845925,1.3822319,Yio Chu Kang ActiveSG Gym,https://lh5.googleusercontent.com/p/AF1QipOz2ZBAJ4R_PTfnphotnv7q56oz4pEvvyY0jOKw=w80-h106-k-no,4.1,gym (i),Gym and Fitness Centre
69,103.729109,1.346998,ActiveSG Jurong East Sports Centre,https://lh5.googleusercontent.com/p/AF1QipMQlU-0yS6hTt9veXxCiuRNRuAErypi0KYiyOra=w122-h92-k-no,4.2,"gym (i)
swimming (o)
badminton (I)
football (O)
running (O)",Sports complex
70,103.7255906,1.3303597,ActiveSG Park @ Jurong Lake Gardens,https://lh5.googleusercontent.com/p/AF1QipPF5cC5az30-h-P7XitCwQcFzev3eCRjeZq8PER=w137-h92-k-no,4.4,"gym (i)
swimming (o)",Sports complex
71,103.8514116,1.3553192,Bishan ActiveSG Gym,https://lh5.googleusercontent.com/p/AF1QipPu1oVU3oL2r21OihghNH_S93UKOh1DtXeBK1Ke=w80-h106-k-no,4.2,gym (i),Gym and Fitness Centre
72,103.6941925,1.3378059,Jurong West ActiveSG Sports Centre,https://lh5.googleusercontent.com/p/AF1QipPSTlGwqEzE8iU7p4jku2tLKVa73DnkUf0IuOUv=w122-h92-k-no,4.3,"gym (i)
football (O)
running (o)
swimming (I)
badminton (I)",Sports complex
73,103.7521939,1.3596884,Bukit Gombak ActiveSG Gym,https://lh5.googleusercontent.com/p/AF1QipMk0yoPIsXtyvTvrXf1oPezcFo2jIkac12jTUYX=w80-h106-k-no,4.2,"gym (i)
running (O)
football (O)",Gym and Fitness Centre
74,103.8617989,1.3252483,St Wilfred ActiveSG Sports Centre,https://lh5.googleusercontent.com/p/AF1QipOVTOfXXQuggO1jWA2BMQ4lP6DGQDON0WYcO5Di=w80-h106-k-no,4.3,"gym (i)
football (o)",Sports complex
75,103.7484817,1.3447276,Bukit Batok ActiveSG Gym,https://lh5.googleusercontent.com/p/AF1QipOmBS75ZtQVpNuYAHVIODzt8mum3Ecw-NBhicfj=w80-h106-k-no,3.7,gym (i),Gym and Fitness Centre
76,103.8451661,1.3351832,ActiveSG Gym at Toa Payoh West CC,https://lh5.googleusercontent.com/p/AF1QipOBT5uBCRB2E6HtgatoiBlvI3xSqcpcoEZunVvD=w92-h92-k-no,2.8,gym (i),Gym and Fitness Centre
77,103.7650332,1.3109619,Clementi ActiveSG Gym,https://lh5.googleusercontent.com/p/AF1QipOM28vRbofqQ5I6xmdyYHOWvLyZlAteCD4iE9xc=w122-h92-k-no,3.7,gym (i),Temporarily closed
78,103.7254336,1.3304311,Jurong Lake Gardens ActiveSG Gym,https://lh5.googleusercontent.com/p/AF1QipNCvK9DzR0uERzvvWvm1HpI9v_B-amNKeZmrPfu=w122-h92-k-no,4.6,gym (i),Gym and Fitness Centre
79,103.8724076,1.3227796,Kallang Basin Active Sg Gym,https://lh5.googleusercontent.com/p/AF1QipP6_LewyMyxwC7trUvJOYvHj1N9aPrwd6GoDjrP=w122-h92-k-no,3.4,gym (i),Gym and Fitness Centre
80,103.8244838,1.2743174,Bukit Purmei Hillock Park,https://lh5.googleusercontent.com/p/AF1QipP2hqZkQy77I7sl7eBVh8vb5lQGp-A6Qi2JXQCY=w153-h92-k-no,,football (O),
81,103.8159136,1.3138397,Singapore Botanic Gardens,https://lh5.googleusercontent.com/p/AF1QipPMKkMswdiO-SbIphFg8asaTK0p3TBqtKjwwBNn=w160-h92-k-no,4.7,running (O),Botanical garden
82,103.7998185,1.2791307,HortPark,https://lh5.googleusercontent.com/p/AF1QipPku6MJEsq7H6dcbYWHhsY1CvYQXrnTqF8LYzuj=w138-h92-k-no,4.5,running (O),Park
83,103.8247631,1.2869819,Tiong Bahru Park,https://lh5.googleusercontent.com/p/AF1QipM8N4tkXNB4yAI94s2R5nLbDPwIOZLOL8rLhtWL=w122-h92-k-no,4.4,running (O),Park
84,103.8155092,1.2760415,Henderson Waves,https://lh5.googleusercontent.com/p/AF1QipOlXbppktlKo-Kdpa1Ef8MnGIeE9tNgqlp9kdP4=w92-h92-k-no,4.6,running (O),Bridge
85,103.8094952,1.2790199,Southern Ridges,https://lh5.googleusercontent.com/p/AF1QipNFjXBFdSkFkBxco4qa4EoKAprwdF4ZseBX6EwE=w137-h92-k-no,4.6,running (O),Park
86,103.8074255,1.2663318,Swimming Pool Annexe,https://lh5.googleusercontent.com/p/AF1QipPMzdUOj97856YM3v7VQ-a_gZWzqBQ8-COghcTS=w80-h169-k-no,,swimming (o),Swimming pool
87,103.820035,1.2891624,Delta ActiveSG Gym,https://lh5.googleusercontent.com/p/AF1QipOKiwstR1muiLM9Zobni-5CvWe1ZeizIlQNXNA8=w93-h92-k-no,3.9,gym (I),Gym and Fitness Centre
88,103.8180725,1.2821795,Sports Lifestyle Centre,https://lh5.googleusercontent.com/p/AF1QipMTEOmGBjqo24JyLQU_e_gPuaurqXrV8xNSlKoE=w122-h92-k-no,3.6,swimming (O),Sports complex
89,103.8200548,1.289271,Delta Swimming Complex,https://lh5.googleusercontent.com/p/AF1QipOktcEYJltIkKCifNmGP9bJGldZn3gNNsB7MVeL=w80-h106-k-no,4.0,swimming (O),Public swimming pool
90,103.8103024,1.3013188,SCC Dempsey Field,https://lh5.googleusercontent.com/p/AF1QipOlLSPXGKUEz05iTrnoxjUPnuQf1_YEiJeHar5K=w122-h92-k-no,3.6,football (o),Gym and Fitness Centre
91,103.8128886,1.2880395,Street Soccer Field,https://lh5.googleusercontent.com/p/AF1QipNC2hGun2hFIzQuUQhaCVAV1JyA3QsVJw3gumOq=w122-h92-k-no,5.0,football (o),Soccer practice
92,103.8204855,1.2741916,The Arena Shelton,https://lh5.googleusercontent.com/p/AF1QipM6fO9cIpKx5fKvwwVWCX-PcF-V4Ng8TEpl1JE=w122-h92-k-no,4.8,football (o),Soccer field
93,103.8133381,1.2802986,Blk 102 Futsal Court,https://lh5.googleusercontent.com/p/AF1QipPpRGXFulmzQZWsJoNdHHgW11I3Nae705PZn0va=w122-h92-k-no,4.0,football (o),Futsal court
94,103.8128886,1.2880395,Street Soccer Field,https://lh5.googleusercontent.com/p/AF1QipM-QDudWhogImbjSFOTbM5NDXpukuHlqK1rjjGk=w122-h92-k-no,5.0,football (o),Soccer field
95,103.8237653,1.2735793,BPHP Futsal Court,https://lh5.googleusercontent.com/p/AF1QipMcyXoPptNO6VAkwsiKxmC_-ojZg5epW5u_3V0A=w122-h92-k-no,4.2,football (o),Futsal court
96,103.7981349,1.2766648,Mapletree Business City Basketball Court,https://streetviewpixels-pa.googleapis.com/v1/thumbnail?panoid=3UPdaWMnHkGUt0JFlfBG2A&cb_client=search.gws-prod.gps&w=80&h=92&yaw=111.61226&pitch=0&thumbfov=100,,basketball (i),Basketball court
97,103.8093596,1.2720963,Blk 45 Basketball Court,https://lh5.googleusercontent.com/p/AF1QipOg0e_TlXYYbsY4WfxmryqIq1gCgwHEYF8bVUQt=w80-h106-k-no,2.5,basketball (O),Basketball court
98,103.8253709,1.2749308,Basketball Court - Bukit Teresa Rd,https://streetviewpixels-pa.googleapis.com/v1/thumbnail?panoid=ZbslUEGvYkGAgT3FRNfKHQ&cb_client=search.gws-prod.gps&w=80&h=92&yaw=169.22774&pitch=0&thumbfov=100,4.0,basketball (O),Basketball court
99,103.8180004,1.2794223,Badminton court - Blk 1 Telok Blangah Crescent,https://lh5.googleusercontent.com/p/AF1QipNtECA24Pewfh1UQSAAcUmJrMtHLRhbRZZDWEbX=w80-h106-k-no,1.0,badminton (O),Badminton court
100,103.8271282,1.2787812,Badminton court - Blk 135 Jalan Bukit Merah,https://lh5.googleusercontent.com/p/AF1QipODArCbjG0DHsJErANWibog_nzYnJPudJdpu6-m=w122-h92-k-no,4.0,badminton (O),Badminton court
101,103.8262219,1.2722217,Blk 102 Badminton Court,https://lh5.googleusercontent.com/p/AF1QipMR1HMUjN435SGDXxZUntORr1_J9AKbcVaDA3dV=w80-h106-k-no,4.0,badminton (O),Badminton court
102,103.8193808,1.2844871,Community Hall @ Sprout Hub,https://lh5.googleusercontent.com/p/AF1QipPM1rG0OGLT2NFDoX8MLljK6L5C9CYExSWMOWJ0=w122-h92-k-no,3.8,badminton (i),Badminton court
103,103.8215329,1.2870311,Badminton court - Blk 95B Henderson Rd,https://lh5.googleusercontent.com/p/AF1QipMhTmBaNhVuuOlPrMBXD3Z66x6jugeujnVFxDgc=w80-h106-k-no,3.0,badminton (O),Badminton court
104,103.8261518,1.2849936,Badminton court - Blk 21/22 Jalan Membina,https://lh5.googleusercontent.com/p/AF1QipP3Kl86SJNXNfFtFZlzC8sk-pqDuQi9J0LUZQUr=w80-h106-k-no,4.0,badminton (O),Badminton court
105,103.8305814,1.2843053,Blk 49 Kim Pong Rd - Multi-Purpose Court,https://lh5.googleusercontent.com/p/AF1QipOnMfHZXh_lHfQKNov_YNm0lE1NqCNd3IkfHy6o=w122-h92-k-no,4.0,badminton (O),Badminton court
106,103.8319059,1.2867059,Badminton court - Blk 4B Boon Tiong Rd,https://lh5.googleusercontent.com/p/AF1QipPS2joi9TRpeXiucWvy8f1H0JmR49EY_89zrgUI=w122-h92-k-no,2.0,badminton (O),Badminton court
107,103.8264942,1.2889112,Badminton court - Blk 44 Beo Crescent,https://lh5.googleusercontent.com/p/AF1QipMKHVw2qvWtvqaCmMss-_vWWKICWmESmDw1amzH=w80-h106-k-no,3.0,badminton (O),Badminton club
108,103.8274768,1.2907981,Blk 77 Indus Garden Badminton Court,https://lh5.googleusercontent.com/p/AF1QipPngpM6D0xnuWvjqSx4eDItDN8PlIEYXqiP433D=w122-h92-k-no,4.0,badminton (O),Badminton court
109,103.827649,1.292287,Blk 5 Delta Avenue Badminton Court,https://lh5.googleusercontent.com/p/AF1QipMPoCpATD5M0JWwxa8Qoyhq3MN5X3WWHjwpzC7q=w122-h92-k-no,3.0,badminton (O),Badminton court
110,103.7078525,1.3377938,Jurong Central Park,https://lh5.googleusercontent.com/p/AF1QipMrx49cHjcFmo_wtZM0TUI6SK8VDFsg1jLcxtPO=w80-h106-k-no,4.3,running (O),Park
111,103.7261741,1.3358997,Jurong Lake Gardens,https://lh5.googleusercontent.com/p/AF1QipOzTfj0490sqCxcktjO0fTezdFou-h8lPDWtupO=w122-h92-k-no,4.6,running (O),Park
112,103.7445947,1.3398985,Toh Guan Park,https://lh5.googleusercontent.com/p/AF1QipMRoc8-zlYEDPn314i0sAGDn1Cw2CCDgDkCfskd=w163-h92-k-no,4.2,running (O),Park
113,103.7730586,1.3438729,Hoover Park,https://lh5.googleusercontent.com/p/AF1QipMQ7vAbm1IccWAw38paO05ofLIQ5HefKZl2nuPg=w122-h92-k-no,4.3,running (O),Park
114,103.7766955,1.373113,Bukit Panjang Park Court,https://lh5.googleusercontent.com/p/AF1QipNBFv3jrCbo3VTioFVt5PUr2-KKw_UHs0Ls8FXT=w204-h92-k-no,4.5,"running (O)
badminton (O)",Park
115,103.7718863,1.3781551,Bukit Panjang N2 Park,https://lh5.googleusercontent.com/p/AF1QipMfgdKLsKYtBKmP615aGRJ9-eRIr69XPNBPzX1I=w80-h94-k-no,2.5,running (O),Park
116,103.7586774,1.3879767,Senja Parc View Constellation Park,https://lh5.googleusercontent.com/p/AF1QipMpnIBk8AIG4OLG6MeYi7uMHKlxvcootRXpGSyg=w122-h92-k-no,4.1,running (O),Park
117,103.7735358,1.3857328,Zhenghua Nature Park,https://lh5.googleusercontent.com/p/AF1QipOfg2-CKgqdoXc3R43z-hAo79Oia_S794XSKB4s=w194-h92-k-no,4.4,running (O),Nature preserve
118,103.7648533,1.3837469,Bukit Panjang Neighborhood 5 Park,https://lh5.googleusercontent.com/p/AF1QipPITbjojEtnLWPXx_i5xTStrca6JBMgTIMo2c0K=w122-h92-k-no,4.5,running (O),Park
119,103.7684583,1.37559,Petir Park,https://lh5.googleusercontent.com/p/AF1QipOfegvbPM_f3xZ0VfEE97m8DGnsA21lGEutvWCN=w122-h92-k-no,4.3,"running (O)
badminton (O)",Park
120,103.7528419,1.3672379,Bukit Gombak Park,https://lh5.googleusercontent.com/p/AF1QipP1JqulAdvAWY515UptvoqVZcaMBYr7I2Mgt_OQ=w138-h92-k-no,4.4,running (O),Park
121,103.7487613,1.3618229,Beauty Garden Park,https://lh5.googleusercontent.com/p/AF1QipPhfSzkjstlUVKLwoh4awMZWQ5COzXJdNkEAL61=w80-h106-k-no,4.2,running (O),Park
122,103.7535776,1.3566019,Bukit Batok Town Park,https://lh5.googleusercontent.com/p/AF1QipOecB7bLZWzX1S2hLB4sjlhSghAVSBfb3it1Poo=w163-h92-k-no,4.4,running (O),Park
123,103.7641994,1.3485421,Bukit Batok Nature Park,https://lh5.googleusercontent.com/p/AF1QipN48m6nna2lCN1mgKGTLlcXX0NhqqsfTj943Wpi=w122-h92-k-no,4.5,running (O),Nature preserve
124,103.76006,1.3527526,Hillview Park Connector,https://lh5.googleusercontent.com/p/AF1QipO0KoUPiuwItLbNYCH_5f3apZv8pS5c0FLbTxui=w163-h92-k-no,4.0,running (O),Park
125,103.7688222,1.3574885,Fuyong Interim Park,https://lh5.googleusercontent.com/p/AF1QipOik78fAD8ZaxvWOFdTaUFmQHrWlLxGGfYTOFgL=w122-h92-k-no,4.2,running (O),Park
126,103.7497695,1.3843307,"Wandervale Condo Tennis Court (CCK), Mezzanine Level",https://lh5.googleusercontent.com/p/AF1QipNAUBp75YbIIMw3BjQbkTpBGS93Ge7t_kPguqQN=w219-h92-k-no,4.0,swimming (O),Tennis court
127,103.7565498,1.3517012,Vadapavs,https://lh5.googleusercontent.com/p/AF1QipOyJAtWaJZXiwavgDldcG23lEviPzezyrCRQ7xe=w239-h92-k-no,5.0,tennis (O),Tennis court
128,103.7489283,1.3971208,Marsiling - Yew Tee Badmitton Court,https://streetviewpixels-pa.googleapis.com/v1/thumbnail?panoid=6m9r6I3Rq9uIEFVZH23n6w&cb_client=search.gws-prod.gps&w=80&h=92&yaw=223.88936&pitch=0&thumbfov=100,,badminton (O),Badminton court
129,103.7468345,1.3883056,Swimming Pool @CCK Safra,https://lh5.googleusercontent.com/p/AF1QipPrGcmEcD9lEq96KT5Z7kvLC2zubHSaV4KI320X=w122-h92-k-no,3.7,swimming (i),Swimming pool
130,103.7478731,1.3912682,Choa Chu Kang Swimming Complex,https://lh5.googleusercontent.com/p/AF1QipNwA16fkK1qEfinOdy2bCGfoi8RXbwPbJnaab8-=w122-h92-k-no,3.6,swimming (O),Swimming facility
131,103.7645736,1.3821209,Senja-Cashew Swimming Complex,https://lh5.googleusercontent.com/p/AF1QipMPyUMB3rw0Oa9evYnsk5GvijPyW2CMDpEMBTLP=w92-h92-k-no,4.1,swimming (O),Swimming instructor
132,103.7528245,1.3584904,Bukit Gombak ActiveSG Stadium,https://lh5.googleusercontent.com/p/AF1QipN2NAx9rHjfI16a_UqSpjmmsbLundJMwgt5dMqx=w122-h92-k-no,4.4,"football (o)
running (o)",Stadium
133,103.7522691,1.3600245,Bukit Gombak Gym,https://lh5.googleusercontent.com/p/AF1QipN4jPiEeKnQ68Ztvq1UtEwvZ_3zB5qA6WFJI3Ww=w80-h92-k-no-pi-4.0134664-ya100.0187-ro2.7330482-fo100,,gym (I),810 Bukit Batok West Ave. 5
134,103.752228,1.359667,Bukit Gombak ActiveSG Sport Centre,https://lh5.googleusercontent.com/p/AF1QipNTBeNSSRlAdj_G7W4IbIgWnMn9wIszzP0jAcTb=w80-h106-k-no,4.3,"gym (I)
badminton (I)
 basketball (I)",Sports complex
135,103.7508459,1.3660773,HomeTeam NS Swimming pool,https://lh5.googleusercontent.com/p/AF1QipOylbcVB98m4UucUNIg73nbFePgjFn8PmBZ3FMl=w122-h92-k-no,5.0,swimming (O),Swimming pool
136,103.737618,1.3821034,"Football Field @ Choa Chu Kang (Astro Turf, 11-a-side) - Bukit Panjang Government High School",https://lh5.googleusercontent.com/p/AF1QipMczawsKOXDO20wKplOzNm1RYdjvl_R0IyzONsD=w242-h92-k-no,,football (O),Soccer field
137,103.7404717,1.3806763,Choa Chu Kang Street Soccer Court,https://maps.gstatic.com/tactile/pane/result-no-thumbnail-2x.png,1.5,football (O),Futsal court
138,103.7471946,1.3883968,Sheltered Futsal Court,https://lh5.googleusercontent.com/p/AF1QipPyZTof-Ildfeg-xAqo1Ps-gLYnZXVcWYA8vr-s=w122-h92-k-no,4.3,football (I),Soccer field
139,103.7458518,1.3374496,Toh Guan Park Futsal Court,https://lh5.googleusercontent.com/p/AF1QipNCKlvlWdB_2t_sq8opaJH3foSZyK8g5636ZWd6=w122-h92-k-no,5.0,football (O),Futsal court
140,103.7516323,1.3458323,Bukit View Secondary School Field,https://streetviewpixels-pa.googleapis.com/v1/thumbnail?panoid=-APaCsYKRnbCx_9Ivw2QZQ&cb_client=search.gws-prod.gps&w=80&h=92&yaw=88.75164&pitch=0&thumbfov=100,,football (O),Soccer field
141,103.7616342,1.3891746,Senja Woods Futsal Court,https://lh5.googleusercontent.com/p/AF1QipNGSzkKuBD7T0kSdzFw2eSXxM0pph-LZHMdo8VF=w122-h92-k-no,4.3,football (O),Futsal court
142,103.7739962,1.3867163,Segar Gardens Court,https://lh5.googleusercontent.com/p/AF1QipPew8JkcbC4StpYDT_sdN1YZjCE3zPEDX0XuKgN=w122-h92-k-no,4.0,football (O),Futsal court
143,103.772192,1.3748077,Petir Street Soccer Court,https://lh5.googleusercontent.com/p/AF1QipNkEekTFEKy1gogg_g_U57OjHXLWBi3Q_AQ5hH7=w122-h92-k-no,5.0,football (O),Futsal court
144,103.7517147,1.3666419,Bukit Gombak Park Street Soccer Court,https://lh5.googleusercontent.com/p/AF1QipOGi8kRQVqaKUpDw3unUFNDkN-A1oA7TWFU2Zhj=w80-h106-k-no,5.0,football (O),Futsal court
145,103.7579553,1.3505739,Block 256 Bukit Batok East Street Soccer Court,https://streetviewpixels-pa.googleapis.com/v1/thumbnail?panoid=SuxsLHiDla2aMJNDh3WS3Q&cb_client=search.gws-prod.gps&w=80&h=92&yaw=110.32917&pitch=0&thumbfov=100,,football (O),Futsal court
146,103.747785,1.3568584,Bukit Batok Street 31 Street Soccer Court,https://streetviewpixels-pa.googleapis.com/v1/thumbnail?panoid=cXiB5w5d9hd_TAUjQr0DUw&cb_client=search.gws-prod.gps&w=80&h=92&yaw=352.00656&pitch=0&thumbfov=100,5.0,football (O),Futsal court
147,103.7526901,1.3488583,Bukit Batok East Ave 3 Street Soccer Court,https://lh5.googleusercontent.com/p/AF1QipOt7TS7lDoG-LylTNlz7vwaJsBG8FePhqX42Zwg=w122-h92-k-no,5.0,football (O),Futsal court
148,103.8436781,1.3281337,New Court,https://lh5.googleusercontent.com/p/AF1QipNdkgrDcADgWp494fuUdnwEb4JD4q2ALTjLDQRX=w80-h106-k-no,4.6,basketball (o),Basketball court
149,103.7774362,1.3089436,SP Basketball Court,https://streetviewpixels-pa.googleapis.com/v1/thumbnail?panoid=fjISz5dJEWCz2QyNnh_vcA&cb_client=search.gws-prod.gps&w=80&h=92&yaw=55.085827&pitch=0&thumbfov=100,,basketball (o),Basketball court
150,103.7440604,1.3976983,Yew Tee Park Basketball Court,https://lh5.googleusercontent.com/p/AF1QipNF-c71TtxExEeMGk-wYo0YOMBuqMZpiDPCaZmJ=w80-h142-k-no,4.4,basketball (o),Basketball court
151,103.7486888,1.3981732,Blk 643 Choa Chu Kang Street 64 Basketball Court,https://lh5.googleusercontent.com/p/AF1QipNcK9i6GrggqU3d2hboDqycfFzOZN6YtoblSdgd=w80-h106-k-no,4.0,basketball (o),Basketball court
152,103.7464894,1.3904919,Choa Chu Kang Stadium Outdoor Basketball Court,https://lh5.googleusercontent.com/p/AF1QipPQVSmz6wGZauAyT8ZSuoHX5BWEAZETMhrtzmtL=w80-h106-k-no,5.0,basketball (o),Basketball court
153,103.7443985,1.3813682,Basketball court near blue pavillion,https://lh5.googleusercontent.com/p/AF1QipNu8-rpJsvnD4HxjT1F-6Y_40kDvs85PoW-WN7x=w163-h92-k-no,,basketball (o),Basketball court
154,103.7515979,1.3811996,Choa Chu Kang CC Sheltered Basketball Court,https://lh5.googleusercontent.com/p/AF1QipMc5RxRPWcFX1HphaJ-3cuU340-DL-mBRbbT9pM=w80-h106-k-no,3.8,basketball (i),Basketball court
155,103.764879,1.3863908,Badminton Court @ Block 527,https://lh5.googleusercontent.com/p/AF1QipOXDTiVdPaul507KiPrgEFgAD48n-9dh_QAaAYY=w80-h121-k-no,,badminton (O),Playground
156,103.7420263,1.3848435,Badminton/Sepak Takraw Court (Blk 432-433),https://streetviewpixels-pa.googleapis.com/v1/thumbnail?panoid=yY9NjVzZtIixEC_j5HRPjw&cb_client=search.gws-prod.gps&w=80&h=92&yaw=348.64627&pitch=0&thumbfov=100,,badminton (O),Badminton court
157,103.7424055,1.346409,Block 178 Badminton Court,https://streetviewpixels-pa.googleapis.com/v1/thumbnail?panoid=VOQJs5veYTQ0Bm2Iuitv3A&cb_client=search.gws-prod.gps&w=80&h=92&yaw=57.41308&pitch=0&thumbfov=100,,badminton (i),Badminton court
158,103.7475466,1.3576387,Badminton/Sepak Takraw Court (Blk 304-305),https://lh5.googleusercontent.com/p/AF1QipMlcjsuB1JGfMiwJbuqBlSCX9kRoCMGei8d8ZEe=w80-h106-k-no,1.0,badminton (O),Badminton court
159,103.752228,1.359667,Bukit Gombak Sports Hall,https://lh5.googleusercontent.com/p/AF1QipMMBadFuLpACa9kgYhL6l9aZtcxRsX_mMQwW2Wr=w182-h92-k-no,4.2,badminton (I),Sports complex
160,103.773527,1.3386533,Badminton courts @ Toh Yi Drive,https://lh5.googleusercontent.com/p/AF1QipNgpEyvSbsBrrWBPVbWJyZ29aXo35ijDgnC3MFs=w122-h92-k-no,3.5,badminton (I),Gym and Fitness Centre
161,103.874394,1.3005709,Singapore Indoor Stadium,https://lh5.googleusercontent.com/p/AF1QipPIqJkX8lr0KNkSz3b8Nv8O4n5zRH-TbqEBVQbz=w154-h92-k-no,4.5,"badminton (I)
tennis (I)",Stadium
162,103.8748426,1.304013,National Stadium,https://lh5.googleusercontent.com/p/AF1QipMhJtrd1lFUqW3jckk0eITLoO8JoD-_PKH21mX2=w122-h92-k-no,4.5,"running (i)
football (I)",Stadium
163,103.9142934,1.3156005,Telok Kurau Park,https://lh5.googleusercontent.com/p/AF1QipOTFZ8BzqLVGv76HWL6T6Tda6bq-2byybjXCUsC=w122-h92-k-no,4.4,running (O),Park
164,103.9121866,1.3007842,East Coast Park,https://lh5.googleusercontent.com/p/AF1QipO0pb3fx_9SDx_DPgD3M5dig4B94KY_ddbFqo9z=w138-h92-k-no,4.6,running (O),Park
165,103.922706,1.3391413,Bedok Reservoir Park,https://lh5.googleusercontent.com/p/AF1QipO3DhxLb0M8guR5Zn3Aab00hTemsFcF38qiwe02=w122-h92-k-no,4.5,running (O),Park
166,103.9256192,1.3354072,Bedok Town Park,https://lh5.googleusercontent.com/p/AF1QipPK6RpjWoisBYrCGYORzg2wA5BH_EVPRTC6fJEN=w122-h92-k-no,4.3,running (O),Park
167,103.9313464,1.3158173,Tanah Puteh Park,https://lh5.googleusercontent.com/p/AF1QipMFGPCvLOLfoUkQ5bMpagVvvMLF0QoHNj040WxJ=w80-h106-k-no,4.2,running (O),Park
168,103.9279214,1.3194074,Aida Park,https://lh5.googleusercontent.com/p/AF1QipOP0yA7VM2ljbf9nLYOu53EtjG8gykoxtQ5zmBM=w122-h92-k-no,4.3,running (O),Park
169,103.9353566,1.3213596,Bedok South Neighborhood Park,https://lh5.googleusercontent.com/p/AF1QipPCLxz4mb72JhqNQ83EX8765xZKJcXlFDi1B0Zu=w80-h106-k-no,4.4,running (O),Park
170,103.9274936,1.3325542,Kaki Bukit Neighbourhood Park,https://lh5.googleusercontent.com/p/AF1QipN7C_xhTm87uKeax8rMiIhfgOqAIEgszTgjVJ_l=w163-h92-k-no,4.3,running (O),Park
171,103.9294341,1.3271905,Garden Hill Park,https://lh5.googleusercontent.com/p/AF1QipNGr3324Ehv0Tw6h_Loyz7JmTl8KiBs7lEgKdOm=w122-h92-k-no,4.2,running (O),Park
172,103.9270518,1.3291728,Badminton Court (Street Soccer Court ),https://lh5.googleusercontent.com/p/AF1QipPfb9MLhoeGRIs77hBurHUVH8Esjq2R0dr7z8gz=w122-h92-k-no,5.0,"badminton (o)
football (o)",Sports club
173,103.9370977,1.3217086,Badminton court - Blk 10E Bedok South Ave 2,https://lh5.googleusercontent.com/p/AF1QipNV83QI1fWp8R0RbOChPOiF-3sI_fPDHV25QuHn=w80-h106-k-no,4.0,badminton (o),Badminton court
174,103.9412507,1.3270927,Badminton court - Blk 181 Bedok North Rd,https://lh5.googleusercontent.com/p/AF1QipMs74UqFfCTaA5gEzMbkHOOFJGix0NQIIWPDCTd=w80-h106-k-no,4.0,badminton (o),Badminton court
175,103.9420544,1.3283493,Badminton court - Blk 76 Bedok North Rd,https://lh5.googleusercontent.com/p/AF1QipMIBV4og6b0YPuRXjIE1uMSu7EEOOLTQTIffAib=w80-h106-k-no,3.0,badminton (o),Badminton court
176,103.9602324,1.3581446,Aspire Badminton Centre,https://lh5.googleusercontent.com/p/AF1QipNbTNTGiQsucKfq0fBM08-rj8fZlSWEZdHs0dnr=w137-h92-k-no,,badminton (i),Sports club
177,103.964889,1.34158,Singapore Badminton School,https://lh5.googleusercontent.com/p/AF1QipM1XxmdQoQW6-TfLpZ47KtSv2iNEJ6OApPE_AxR=w163-h92-k-no,4.4,badminton (i),Badminton club
178,103.9426402,1.3440788,MIS Street Soccer/Football Court,https://streetviewpixels-pa.googleapis.com/v1/thumbnail?panoid=F-2lt7zzFx93CLR3RyELFw&cb_client=search.gws-prod.gps&w=80&h=92&yaw=238.98405&pitch=0&thumbfov=100,,football (O),Soccer field
179,103.9130778,1.3225904,Kembangan Football Field,https://maps.gstatic.com/tactile/pane/result-no-thumbnail-2x.png,,"football (O)
running (O)","(1.322120, 103.913161)"
180,103.924456,1.320206,Opera Estate Football Field,https://lh5.googleusercontent.com/p/AF1QipMYRPpzASwRDoGUSCmSu1V1VO7XjnwEQVxYJNY6=w122-h92-k-no,4.2,football (O),Soccer field
181,103.9393137,1.3264714,Bedok ActiveSG Stadium,https://lh5.googleusercontent.com/p/AF1QipPjZYWlg0F6yFSjEK1IZhAfzH6TCJysO7k3JDXG=w122-h92-k-no,4.2,"football (o)
running (O)",Sports complex
182,103.9337125,1.3480246,Basketball Court @ Play TWest,https://maps.gstatic.com/tactile/pane/result-no-thumbnail-2x.png,,basketball (o),Basketball court
183,103.9424591,1.3438563,Middleton Basketball Court,https://maps.gstatic.com/tactile/pane/result-no-thumbnail-2x.png,,"basketball (o)
tennis (o)",Tennis court
184,103.9080054,1.3333261,Jalan Damai Basketball Court,https://lh5.googleusercontent.com/p/AF1QipMhvxOw2i24FcFdXAd55Gt48HYueYFbm5WUC4BI=w122-h92-k-no,5.0,basketball (o),Basketball court
185,103.9378272,1.3245858,Bedok Green Basketball Court,https://streetviewpixels-pa.googleapis.com/v1/thumbnail?panoid=LQ6lJMx1ZhYHUPFDUj1snQ&cb_client=search.gws-prod.gps&w=80&h=92&yaw=166.79735&pitch=0&thumbfov=100,,basketball (o),Basketball court
186,103.9244689,1.3340186,533 Basketball Court,https://lh5.googleusercontent.com/p/AF1QipOQUBTiX-L767GzLqNkMnzK7tcTfiVVjMUrkYkX=w80-h106-k-no,,basketball (o),Basketball court
187,103.9365938,1.3292694,Blk 138 Bedok North St 2 - Basketball Court,https://lh5.googleusercontent.com/p/AF1QipMyW63BnO8FIjRe2akSI6cimAQGjCbwKZyj3AnM=w80-h106-k-no,5.0,basketball (O),Basketball court
188,103.9394096,1.3358302,771 Basketball Court,https://lh5.googleusercontent.com/p/AF1QipMsQ6J1DsziARgxQe8Wy-brikJTf9rjQlG9yr8=w163-h92-k-no,5.0,basketball(o),Basketball court
189,103.9344852,1.3214572,Bedok Basketball Court,https://lh5.googleusercontent.com/p/AF1QipPq52lxWGCjEsIhsfwSh34lW5IvT9is8nFak-vp=w163-h92-k-no,4.0,basketball (o),Basketball court
190,103.9419985,1.3287254,Blk 77 Bedok North - Basketball Court,https://lh5.googleusercontent.com/p/AF1QipPQkfqVFUSSCWPTXtX69IQeEwBF4h3V-RR9txt8=w122-h92-k-no,4.7,basketball (O),Basketball court
191,103.9381386,1.3313814,116 Basketball Court,https://lh5.googleusercontent.com/p/AF1QipM2OoP4kPNCPwiDUXSGQQr-8vK4KN9-onr6GsNa=w122-h92-k-no,5.0,basketball (o),Basketball court
192,103.9366017,1.3309728,Fengshan CC Basketball Court,https://lh5.googleusercontent.com/p/AF1QipMtzgZWjgrMmlLBmbtISbguQl3-Bn-msWv2djYV=w122-h92-k-no,2.5,basketball (O),Basketball court
193,103.9322493,1.3271175,Bedok ActiveSG Swimming Complex,https://lh5.googleusercontent.com/p/AF1QipM9auYHksqAlgXQ16Mnz8nJqRbz3YZsY-ujecwr=w122-h92-k-no,4.4,"swimming (I)
tennis (i)",Public swimming pool
194,103.8431764,1.3583048,Bishan North Neighbourhood Park,https://lh5.googleusercontent.com/p/AF1QipOSQ6BJvml272N-HjO3k8i5XG_K1wwfle7c-Z1b=w122-h92-k-no,4.2,running (o),Park
195,103.8460578,1.3501134,Clover Way Park,https://lh5.googleusercontent.com/p/AF1QipN3xhj8H81UxSoM5vW2aaG0zsBlGeYYeYBpaww3=w163-h92-k-no,3.8,running (o),Park
196,103.8430281,1.3741468,Ang Mo Kio Town Garden West,https://lh5.googleusercontent.com/p/AF1QipMSwwNnMdJfnN6BSGOM5ZcT1DIzyAZAUSalsziB=w122-h92-k-no,4.3,running (o),Park
197,103.8501197,1.3709168,Ang Mo Kio Town Garden East,https://lh5.googleusercontent.com/p/AF1QipOiNAIdnQEAr4j9n-PtzB8qTSceg9wFQaYjs4o1=w163-h92-k-no,4.3,running (O),Park
198,103.8501525,1.3542551,Bishan ActiveSG Swimming Complex,https://lh5.googleusercontent.com/p/AF1QipMV1AcW1G2-u5cGvM0D8bFB8Oi1Cyxc8171Yx96=w126-h92-k-no,4.1,swimming (O),Public swimming pool
199,103.8435614,1.3634088,Bishan-Ang Mo Kio Park,https://lh5.googleusercontent.com/p/AF1QipMfWh1l7Wm2adh1Ij1sO0Kr6111lSooppyQ5CRQ=w122-h92-k-no,4.5,running (O),Park
200,103.8020777,1.3294113,Bukit Timah Field,https://maps.gstatic.com/tactile/pane/result-no-thumbnail-2x.png,,football (O),"(1.333790, 103.792171)"
201,103.842755,1.3786052,"Football Field @ Ang Mo Kio (Astro Turf, 11-a-side) - Yio Chu Kang Secondary School",https://lh5.googleusercontent.com/p/AF1QipOhlGBPNvh-DMr8uZZJ8TEPFGZn3HAFjhGYzeq9=w80-h140-k-no,,football (O),Soccer field
202,103.8421663,1.3680517,Football Field @ Ang Mo Kio (Astro 11-a-side) - Ang Mo Kio Secondary School,https://lh5.googleusercontent.com/p/AF1QipNL01jtgen7QTvkyfxbs13STZoQzl0Tz_jddkpS=w163-h92-k-no,5.0,football (o),Soccer field
203,103.8363599,1.3687801,Football Field @ Ang Mo Kio (Astro 11-a-side) - Mayflower Secondary School,https://lh5.googleusercontent.com/p/AF1QipM--C9SgLzvQBTk9POlSnfQ7uya_zgKaMgXp0tT=w163-h92-k-no,4.0,football (o),Soccer field
204,103.8721912,1.3313713,FootballPlus Field,https://lh5.googleusercontent.com/p/AF1QipN6A-c9LOjN4SgWB8SkEuvToy1871VsQ9UfPX-H=w204-h92-k-no,5.0,football (O),Soccer field
205,103.8819696,1.3408902,BSS School Field,https://lh5.googleusercontent.com/p/AF1QipMssjFdlBcLmjhmISdT7ngIxzRGN4rR6IjBrJNU=w122-h92-k-no,,football (o),Soccer field
206,103.8499499,1.3288435,Jalan Rajah Street Soccer Court,https://lh5.googleusercontent.com/p/AF1QipNJLrOrxF4Um1-VmqF6NnBpTkU24kd3XN5QAYIG=w122-h92-k-no,5.0,football (O),Futsal court
207,103.8409159,1.3348467,Real Madrid Foundation Football & Basketball School Thomson,https://lh5.googleusercontent.com/p/AF1QipOBs-AdaN1qU-1tN3-N6qsuCwOFBGT7li7gmeXF=w138-h92-k-no,5.0,football (o),Soccer club
208,103.8510631,1.351475,Bishan open soccerfield,https://lh5.googleusercontent.com/p/AF1QipNzqjkIXWPUs451PqsadEP28vv7s_6kdXmvRLnm=w80-h106-k-no,5.0,football (o),Soccer field
209,103.7013354,1.340054,Street Soccer Court,https://streetviewpixels-pa.googleapis.com/v1/thumbnail?panoid=RdYy9_eH_Vs6WAp-asygCg&cb_client=search.gws-prod.gps&w=80&h=92&yaw=118.47691&pitch=0&thumbfov=100,5.0,football (o),Playground
210,103.8526068,1.3406945,Beatty Secondary School Football Pitch Car Park,https://maps.gstatic.com/tactile/pane/result-no-thumbnail-2x.png,5.0,football (o),Soccer field
211,103.8541551,1.346836,Badminton court- Blk 169/171 Bishan,https://lh5.googleusercontent.com/p/AF1QipOBAS0ZgJKtG4Hybg3TOKhm_BTl0XfNwQgi9Xyx=w122-h92-k-no,4.0,badminton (o),Badminton court
212,103.8661021,1.3529896,The Gym Pod @ 315 Serangoon Avenue 2,https://lh5.googleusercontent.com/p/AF1QipPTIi-g6AKy2XLiBt-qXg4-izBR_SQK0wGxZ9Er=w80-h142-k-no,5.0,"Weightlifting(I)
paid",Gym and Fitness Centre
213,103.845939,1.3426403,Aze Badminton Academy,https://lh5.googleusercontent.com/p/AF1QipPmLcrZT8LUpvWItVfEVf0_XTxwyL3suYpy8l-_=w122-h92-k-no,4.9,badminton (i),Badminton club
214,103.8511091,1.3413981,Badminton court - Blk 200 Toa Payoh North,https://streetviewpixels-pa.googleapis.com/v1/thumbnail?panoid=YrIHSxTL7AG0Lur8JoHAFQ&cb_client=search.gws-prod.gps&w=80&h=92&yaw=76.833374&pitch=0&thumbfov=100,4.0,badminton (o),Badminton court
215,103.8528943,1.3449248,Badminton court - Blk 140 Bishan,https://lh5.googleusercontent.com/p/AF1QipO-GHC5kyGTIDrpS0InHVpTbQZwSHclVZGdMq5-=w80-h106-k-no,3.0,badminton (O),Badminton court
216,103.8515906,1.3469606,Badminton court - Blk 125/126 Bishan,https://lh5.googleusercontent.com/p/AF1QipPWwR97VBvBMwYniXAmvmciWGVhbABuZUXnq4XI=w122-h92-k-no,5.0,badminton (I),Badminton court
217,103.8490583,1.3656534,Teck Ghee Badminton Court,https://streetviewpixels-pa.googleapis.com/v1/thumbnail?panoid=R_Brk8Kz9RvYNi72kW3KiQ&cb_client=search.gws-prod.gps&w=80&h=92&yaw=125.14399&pitch=0&thumbfov=100,,badminton (O),Badminton court
218,103.8470378,1.3566757,Bishan Active Park,https://lh5.googleusercontent.com/p/AF1QipN4X8w6YXUOjFyMvGhud_M7tbLCb67GHGI8De6w=w122-h92-k-no,4.2,"football (o)
running (O)
 basketball (O)",Park
219,103.8570931,1.3416702,Blk 222 Basketball Court,https://lh5.googleusercontent.com/p/AF1QipP9HSX4lFZU-I1rRIGtuKTw3l95_H4tu0kRXfIo=w122-h92-k-no,4.0,basketball (O),Basketball court
220,103.8513528,1.3493439,Bishan Zone 3 Basketball Court - Blk 187 Bishan,https://lh5.googleusercontent.com/p/AF1QipNSRaBQG-sD6cwm4EBTXPFPGd59NqpO1NXe6c0b=w80-h106-k-no,2.0,basketball (O),Basketball court
221,103.848912,1.3465329,Blk 112 Sheltered Basketball Court,https://lh5.googleusercontent.com/p/AF1QipOiZn3l79Ks8ldZoGWrMkay86jKGKG_59hp7bUD=w122-h92-k-no,4.0,basketball (i),Basketball court
222,103.8726895,1.3735326,Banana Tennis Academy,https://lh5.googleusercontent.com/p/AF1QipOInugUTM9ZNYJrxuP_WYmBoz_v_QLpNPn8eVk=w138-h92-k-no,4.8,tennis (o),Tennis instructor
223,144.9160003,-37.7941703,Kensington Tennis Court,https://maps.gstatic.com/tactile/pane/result-no-thumbnail-2x.png,,tennis (o),Tennis court
224,103.833273,1.4163809,Khatib Basketball Court,https://lh5.googleusercontent.com/p/AF1QipO4G4SsWqhSGlxlJIybYrNJAeoAUdmc2Wk-gdZe=w122-h92-k-no,5.0,basketball (I),Basketball court
225,103.8339538,1.4167996,Khatib Indoor Basketball Court,https://lh5.googleusercontent.com/p/AF1QipMVac1eiy7ahYkwmZ4KyLFcrJlhZwokPQfGwbCQ=w122-h92-k-no,4.2,basketball (i),Basketball court
226,103.8550097,1.3754089,Blk 540 Sheltered Badminton Court,https://streetviewpixels-pa.googleapis.com/v1/thumbnail?panoid=gN4tA3zfT_54xIofpzJTLg&cb_client=search.gws-prod.gps&w=80&h=92&yaw=86.6745&pitch=0&thumbfov=100,,badminton (O),Playground
227,103.8427014,1.3594915,Blk 262 Badminton Court,https://maps.gstatic.com/tactile/pane/result-no-thumbnail-2x.png,,badminton (o),Playground
228,103.8462069,1.3558859,Bishan Active Badminton Courts,https://lh5.googleusercontent.com/p/AF1QipOQCt32Os5QHMon_9__hfwBuMrm5HWokni5wSo_=w163-h92-k-no,4.0,badminton (O),Badminton court
229,103.837862,1.3728783,Kebun Baru Community Club Badminton Court,https://streetviewpixels-pa.googleapis.com/v1/thumbnail?panoid=FVyn-So5a8YeRkmlARR54g&cb_client=search.gws-prod.gps&w=80&h=92&yaw=251.3891&pitch=0&thumbfov=100,5.0,badminton (I),Badminton court
230,103.842987,1.3617656,Marymount Badminton Court,https://streetviewpixels-pa.googleapis.com/v1/thumbnail?panoid=2pLVLBSpEYefSPzsuhl8QA&cb_client=search.gws-prod.gps&w=80&h=92&yaw=315.54376&pitch=0&thumbfov=100,,badminton(O),Badminton court
231,103.8526491,1.3487841,Badminton court - Blk 181 Bishan,https://lh5.googleusercontent.com/p/AF1QipMKoZc_oUyhZJqpU2-E6T8liZZcN8_sb6HxqFXN=w80-h106-k-no,4.0,badminton(O),Badminton court
232,103.852194,1.3502067,Blk 189 Badminton Court,https://lh5.googleusercontent.com/p/AF1QipPPLbJRO6qvLYq7ntf8bG9WmMu1XQfNQW7kJ1-d=w80-h106-k-no,4.0,badminton (O),Badminton court
233,103.8432002,1.3579946,BNNP Futsal Court,https://lh5.googleusercontent.com/p/AF1QipNrbcGz6bVgFBsNZe6-3UQ5l9hOeIZ1_6Fepl5O=w80-h106-k-no,3.8,football(o),Futsal court
234,103.8541631,1.3633961,Blk 413 Street Soccer Court,https://lh5.googleusercontent.com/p/AF1QipOrPoIyjkO7mSJ5PguPzuV73y9lyOTQHRy6HBT9=w163-h92-k-no,,football(O),Futsal court
235,103.880716,1.3518511,Blk 158 Street Soccer Court,https://lh5.googleusercontent.com/p/AF1QipPWRTeJFsU27Y3uIF_mYm9hnKC4ufBtvuEBKZwG=w204-h92-k-no,,football (O),Futsal court
236,103.8595852,1.3695621,Blk 564 Futsal Court,https://lh5.googleusercontent.com/p/AF1QipMK0fiyb2nMCR9qvfTQiJXN-oQS62kUbjls_kBy=w122-h92-k-no,4.3,football (o),Futsal court
237,103.8775023,1.3934693,Fernvale Futsal Court,https://lh5.googleusercontent.com/p/AF1QipNj0YOTc-b4wGoMcCNOL1MUeW7r2bxZfX0deCXg=w122-h92-k-no,,football (O),Futsal court
238,103.8598576,1.367099,Blk 459 Basketball Court,https://maps.gstatic.com/tactile/pane/result-no-thumbnail-2x.png,,basketball (o),Basketball court
239,103.8599533,1.3699881,Blk 564 Basketball Court,https://streetviewpixels-pa.googleapis.com/v1/thumbnail?panoid=Gwy3F-QB68KWOXLsOMbFPA&cb_client=search.gws-prod.gps&w=80&h=92&yaw=21.184397&pitch=0&thumbfov=100,,Basketball (O),Basketball court
240,103.8782757,1.37478,Regentville Tennis Court,https://streetviewpixels-pa.googleapis.com/v1/thumbnail?panoid=9fet1h1HPIqgY_JPj-OrPw&cb_client=search.gws-prod.gps&w=80&h=92&yaw=159.24516&pitch=0&thumbfov=100,4.0,tennis (I),Tennis court
241,103.8427751,1.3732785,Jogging/Walking Track,https://lh5.googleusercontent.com/p/AF1QipNtSi5OqLJdgBAUGDgGOlG0-mZs1-h4EcL38Xzk=w80-h106-k-no,4.3,running (o),Athletic track
242,103.8529676,1.3303137,Toa Payoh ActiveSG Stadium,https://lh5.googleusercontent.com/p/AF1QipPNJRJnFp26xzKjHtGMBH-5iP9vSFLzvbmm7D-Z=w122-h92-k-no,4.1,"Football (O)
Running (O)",Temporarily closed
243,103.8445159,1.334919,Play @ Heights Park,https://lh5.googleusercontent.com/p/AF1QipOh8th_cCi95ZRfeww1u_2FdLZr-KRmLX92spAS=w122-h92-k-no,4.7,Football (O),Playground
244,103.8446575,1.3343619,Toa Payoh Heights Park,https://lh5.googleusercontent.com/p/AF1QipNzOWGcyxC-v0MtiXS27h8iAmYdsAFh14j2AUlf=w80-h106-k-no,4.5,Football (O),Park
245,103.8528848,1.3351968,Toa Payoh Sensory Park,https://lh5.googleusercontent.com/p/AF1QipMBVNtTW-ljo2q5ZdsI4ApG2VASHxZEUspAzCY=w163-h92-k-no,3.9,Running (O),Park
246,103.8546716,1.3302722,SAFRA Toa Payoh,https://lh5.googleusercontent.com/p/AF1QipN71fpHqlFAbMy9EbNkYyxKjy4prGULVHvUrGhC=w138-h92-k-no,4.3,"Swimming 
Badminton 
Paid",Recreation center
247,103.855946,1.341746,CoLeague Basketball,https://lh5.googleusercontent.com/p/AF1QipNHk7N9E5xeCB9i9VRitUNdfjaW1fO-dgf1t1d1=w92-h92-k-no,5.0,Basketball (O),Basketball club
248,103.857871,1.337841,Blk 9 Toa Payoh Basketball Court,https://lh5.googleusercontent.com/p/AF1QipNmONiXdH90lOrKAT3PhNnsgXJ327BT0OVBvjBT=w204-h92-k-no,4.5,Basketball (O),Basketball court
249,103.8479699,1.3418582,Blk 205 Toa Payoh Basketball court,https://lh5.googleusercontent.com/p/AF1QipMS26yjrmAd7qh1myd57coEXb8NSD2DSXRnJjN0=w160-h92-k-no,4.4,Basketball (O),Basketball court
250,103.8863521,1.3250205,Badminton court - Blk 58 Circuit Rd,https://lh5.googleusercontent.com/p/AF1QipPZH1VowOtMSfLI9TZPbre86ksYWhK_xV_5jJCS=w80-h106-k-no,2.0,Badminton (O),Badminton court
251,103.8450399,1.3345517,Badminton court - Blk 147 Toa Payoh Lor 2,https://lh5.googleusercontent.com/p/AF1QipNrlpGcnCTUPoOnZuT7Nyfu4zYCrk1og_1y6uyO=w80-h106-k-no,,Badminton (O),Badminton court
252,103.9126216,1.3050684,Badminton court - Blk 46 Marine Crescent,https://lh5.googleusercontent.com/p/AF1QipN2Bdtllm6fWW4ZzuJedSZtgkrWAoUlP2nVpJHK=w122-h92-k-no,4.0,Badminton (O),Badminton court
253,103.8877078,1.331013,Blk 20 Balam Rd - Badminton Court,https://lh5.googleusercontent.com/p/AF1QipOKMJihfzfah_IloEks07RJP_40DsM1u4vX_ody=w122-h92-k-no,3.0,Badminton (O),Badminton court
254,103.8522881,1.3346601,Badminton court - Blk 70 Toa Payoh Lor 4,https://lh5.googleusercontent.com/p/AF1QipOVzXKmDitDHJBIkATtIzXI2Lgrcf4FwJDRGyP5=w122-h92-k-no,1.0,Badminton (O),Badminton court
255,103.8161028,1.2879993,Badminton court- Blk 74A/75B Redhill Rd,https://lh5.googleusercontent.com/p/AF1QipPkEg4nwqM_chQ0_XMYBTkPfPPrmj9bjp4KHMJg=w80-h106-k-no,4.0,Badminton (O),Badminton court
256,103.8266749,1.289502,Badminton court - Blk 42 Beo Crescent,https://lh5.googleusercontent.com/p/AF1QipOWOG3Z4qks-6IcxTl8iZ4ymSHq28JrIMhN4tUf=w80-h106-k-no,2.0,Badminton (O),Badminton court
257,103.8255885,1.2816044,Badminton court - Blk 118A Jln Membina,https://lh5.googleusercontent.com/p/AF1QipPk7PP28tZHkj-Lrv02dABgpokqjNUICmklESoI=w80-h106-k-no,4.0,Badminton (O),Badminton court
258,103.8089747,1.3189148,Badminton court - Blk 3 Queenâ€™s Rd,https://lh5.googleusercontent.com/p/AF1QipPoSfdWpqtKv5uqn9YjP7pqck7Gg8CKsfh1l-Xi=w80-h106-k-no,2.0,Badminton (O),Badminton court
259,103.8148964,1.2839888,Badminton court - Blk 116 Bukit Merah Central,https://lh5.googleusercontent.com/p/AF1QipO_5oiSi099jRi9kDt-268WcgTx1VHSFOTK_p_W=w80-h106-k-no,4.0,Badminton (O),Badminton court
260,103.847121,1.3347148,Block 79A Toa Payoh Central - Badminton Court,https://lh5.googleusercontent.com/p/AF1QipPcXCTK31IBYCDQvhOLTILzwLvZeHy5IxDu8FZ3=w163-h92-k-no,3.7,Badminton (O),Badminton court
261,103.7636536,1.3116248,Badminton/Speak Takraw Court (Blk 426),https://lh5.googleusercontent.com/p/AF1QipPYz-mzEcFFoTHxKGBjm5nzJcxtoNJTJy35yUnC=w199-h92-k-no,4.0,Badminton (O),Badminton court
262,103.7472663,1.3635136,Badminton/Sepak Takraw Court (Blk 331),https://lh5.googleusercontent.com/p/AF1QipO4RnD8f5NB2KYPU_D3aRw04xGps7qi7neL1H0m=w199-h92-k-no,3.0,Badminton (O),Badminton court
263,103.9498791,1.3614507,Blk 496D Badminton Court,https://streetviewpixels-pa.googleapis.com/v1/thumbnail?panoid=dj-4soBkzy8K_t5Wtyqh1w&cb_client=search.gws-prod.gps&w=80&h=92&yaw=324.868&pitch=0&thumbfov=100,5.0,Badminton (O),Badminton court
264,103.9297473,1.3521508,Tampines Green Forest Park,https://lh5.googleusercontent.com/p/AF1QipPpinhpKHwDfFT0U-lQy0DVATsC1jv010GDK6rW=w122-h92-k-no,4.5,Running (O),Park
265,103.9500195,1.3471848,Tampines Park Connector,https://lh5.googleusercontent.com/p/AF1QipNFD6pnaCBCOILXzCfaH_B1fn2tZ04HYgsfO4qZ=w80-h106-k-no,4.5,Running (O),Park
266,103.9360214,1.3538819,Tampines Central Park,https://lh5.googleusercontent.com/p/AF1QipM3ZCI1BvkMZHCEjfRq_TNoDFPVxEyfeX2WAfuP=w122-h92-k-no,4.4,Running (O),Park
267,103.9482922,1.3639478,Tampines Eco Green,https://lh5.googleusercontent.com/p/AF1QipNAd4wxuWdaBaiwYnMp_SiWCQem91i2g0NxxNBe=w122-h92-k-no,4.4,Running (O),Park
268,103.942814,1.3499743,Tampines Park,https://lh5.googleusercontent.com/p/AF1QipMX2ZfH57p0qNJFljx_k2f-YkQIYWcdt1cjq_8=w122-h92-k-no,4.2,Running (O),Park
269,103.9415563,1.3434187,BFT Tampines West,https://lh5.googleusercontent.com/p/AF1QipNxggzCB0J-mRBRIrptxmMLbf20O9GD9oPIKw9T=w163-h92-k-no,5.0,"Weightlifting
Paid",Gym and Fitness Centre
270,103.9437137,1.3530306,Fitness First - Tampines (CPF building),https://lh5.googleusercontent.com/p/AF1QipNtgo80_RrtTvBoi_WMtOtj9Jbk2aQikYgebOcp=w122-h92-k-no,4.1,"Weightlifting
Paid",Gym and Fitness Centre
271,103.945877,1.3561472,Anytime Fitness Tampines,https://lh5.googleusercontent.com/p/AF1QipOEmbUJQqGVYuQQj-yY_sUF8fATT7g1wdONs6bN=w122-h92-k-no,4.4,"Weightlifting
Paid",Gym and Fitness Centre
272,103.9536992,1.3606285,Homeground Gym Tampines,https://lh5.googleusercontent.com/p/AF1QipOC7oTrJMjB44sWpTepMQdDE3gG1Atn_TxhMC0K=w138-h92-k-no,4.9,"Weightlifting 
Paid",Gym and Fitness Centre
273,103.9404498,1.3537311,Running Track Our Tampines Hub,https://lh5.googleusercontent.com/p/AF1QipNS8Lw1uQSR52tlG1iMtHAUWCaaVz8lBayi67Ca=w80-h106-k-no,5.0,"Running (I & O)
Paid",Athletic track
274,103.9403451,1.3529604,Tampines Swimming Complex,https://lh5.googleusercontent.com/p/AF1QipM_tjpfxv0oboh6Imaj9gND-GCWJkh9ZIbeQWG2=w80-h106-k-no,,"Swimming 
Paid",505 Tampines Ave 5
275,103.9537425,1.3648293,Futsal Court @ Tampines GreenEdge,https://lh5.googleusercontent.com/p/AF1QipPx7DBvIqn76xgfPk_K44SNsPEkL05aqpGi71QY=w123-h92-k-no,4.4,Football (O),Futsal court
276,103.9416649,1.3446019,SAFRA Tampines,https://lh5.googleusercontent.com/p/AF1QipNVy85eX5nSDY5YEegGoo8Cnj7sDpTSNvcQvXAH=w138-h92-k-no,4.1,"Basketball (O)
Tennis (O)
Swimming (O)
Football (O)
Badminton
Paid",Recreation center
277,103.8482256,1.3668791,Ang Mo Kio Badminton Court,https://lh5.googleusercontent.com/p/AF1QipNQx0-qbfaOF5ltd0cpzJPLz9lMw950ewqPTi7b=w204-h92-k-no,,Badminton (O),Badminton court
278,103.836375,1.3804044,Ang Mo Kio Blk 604 Basketball Court,https://lh5.googleusercontent.com/p/AF1QipNr33DT1xE2NjSFmRh87fbeY5Dt0PS0HN5dvS1U=w122-h92-k-no,4.0,Basketball (o),Basketball court
279,103.8375337,1.3729407,Kebun Baru Community Club Basketball Court,https://lh5.googleusercontent.com/p/AF1QipMcLD39p5mS_po30wzjpLTulONAQ9CHEhVhcWbX=w80-h106-k-no,4.0,Basketball (o),Basketball court
280,103.8416812,1.3720721,AMK North Garden Basketball Court,https://lh5.googleusercontent.com/p/AF1QipPi4wFsUwtC-b3y8TTmshKJB_O2XeORygXPoz_5=w162-h92-k-no,5.0,Basketball (O),Gym and Fitness Centre
281,103.8509503,1.3555048,Bishan ActiveSG Sports Centre,https://lh5.googleusercontent.com/p/AF1QipNLCZZe1g99GXOOwmX1J36vSMG7f2atj4EPR44f=w165-h92-k-no,3.9,"Gym
Football(O)",Sports complex
282,103.8460471,1.3835302,Yio Chu Kang ActiveSG Sports Hall,https://lh5.googleusercontent.com/p/AF1QipNRXjUZoYpo6Oupip_2ITHfWzgMGFgPPfALz7Ng=w122-h92-k-no,4.2,"Gym
Badminton (I)
Tennis (O)",Sports complex
283,103.8492867,1.3835119,NYP Block G Sports Complex,https://lh5.googleusercontent.com/p/AF1QipMM9TJziVvMpUsr93_-Ao3GABz-asgMosfk3zF0=w163-h92-k-no,5.0,"Running (O)
Tennis (O)
Football(O)
Basketball(O)",School
284,103.8503725,1.3829622,NYP Stadium,https://lh5.googleusercontent.com/p/AF1QipMPzGPcpOIFBI1Lz8vXtow65o9Ee0Xyl5i_HGE=w122-h92-k-no,4.4,Swim (O) paid,Stadium
285,103.8465583,1.3816812,Yio Chu Kang ActiveSG Swimming Complex,https://lh5.googleusercontent.com/p/AF1QipOaY2NJoZJqJmLs4sRR2pOaz32BjIXA0xCRLIMB=w122-h92-k-no,4.1,Swimming (O),Swimming pool
286,103.84042,1.366953,ActiveSG Gym at Ang Mo Kio Community Centre,https://lh5.googleusercontent.com/p/AF1QipPxxvKy-A9pn1a2szdADrT8N54HmXxILm2GnDUp=w122-h92-k-no,4.3,Gym,Gym and Fitness Centre
287,103.8500334,1.3633528,Ang Mo Kio ActiveSG Swimming Complex,https://lh5.googleusercontent.com/p/AF1QipMjoXkRLZSLtKI3ipVHnZIekJznV4uRMymxCiWI=w122-h92-k-no,4.0,,Temporarily closed
288,103.9532877,1.3477688,Tampines Street 22 Street Soccer Court,https://lh5.googleusercontent.com/p/AF1QipP05t2Hx05rfzkm0E-H7o65CGr6ThB8rADM92QS=w163-h92-k-no,5.0,Football (O),Futsal court
289,103.952576,1.356836,Tampines North Park,https://lh5.googleusercontent.com/p/AF1QipPUM6zsq4cpL_vh79DNOIS2FxD-yZrVJOPV0rS0=w122-h92-k-no,4.3,Running (O),Park
290,103.9333414,1.3478801,Play T West,https://lh5.googleusercontent.com/p/AF1QipNaRdczMmf52or_bCF-F5bPoolqj_oGwGR2TXdO=w80-h112-k-no,4.4,Basketball (O),Playground
291,103.9396416,1.3528162,Our Tampines Hub ActiveSG Community Auditorium,https://lh5.googleusercontent.com/p/AF1QipNW-GlZpK2lXlDMDQtkAganjxH-Pdnx_e0VmT0_=w92-h92-k-no,4.5,"Weightlifting
Swimming
Running 
Badminton
Paid",Auditorium
292,103.9355738,1.3488917,Tampines West Community Club,https://lh5.googleusercontent.com/p/AF1QipM9K6ec9IXwo3DeLRrNExVm47AyssfExxbECGpP=w122-h92-k-no,4.4,"Basketball 
Badminton 
Tennis
Paid",Community center
293,103.9354351,1.3516554,Sheltered Playground @ Tampines Blk 842,https://lh5.googleusercontent.com/p/AF1QipP3MT8hND1jZSauaVAh6Ralbo2bMISAuWSkQToa=w122-h92-k-no,4.6,Basketball,Playground
294,103.950995,1.3413518,Block 106 Simei Basketball Court,https://lh5.googleusercontent.com/p/AF1QipP07GCq9OlNIbWQm5P4iP-HzcG1mYqL8ZWAHWwd=w163-h92-k-no,5.0,Basketball,Basketball court
295,103.9358942,1.3487278,Sheltered Basketball Court @ Tampines West CC,https://streetviewpixels-pa.googleapis.com/v1/thumbnail?panoid=1os0kK3698-ZPUs3SrKa1w&cb_client=search.gws-prod.gps&w=80&h=92&yaw=189.18127&pitch=0&thumbfov=100,,"Basketball
Paid",Basketball court
296,103.9356294,1.3513693,Sheltered Basketball court,https://lh5.googleusercontent.com/p/AF1QipOsxdpkH9Ybd6Eyxjfz24owsbiwRc8-MGa-Alvx=w122-h92-k-no,3.7,Basketball,Basketball court
297,103.9527933,1.3522773,209 Tampines Street 21 Basketball Court,https://lh5.googleusercontent.com/p/AF1QipMX804No8uC_iUdzXUc_Uy70gGiamJDzc5IDLMa=w80-h106-k-no,,Basketball (O),Basketball court
298,103.938156,1.3537464,Basketball Court @ TCP,https://lh5.googleusercontent.com/p/AF1QipOxDGQdzGwE06TUHMpVUBrqYzFXIesj9K8GOQfi=w80-h106-k-no,4.3,Basketball (O),Basketball court
299,103.9531161,1.3632445,Basketball Court @ Tampines Blk 492B,https://lh5.googleusercontent.com/p/AF1QipMMMMriSRWdP9LH08_qM0Y7TWwbR2APFkRpxKAS=w122-h92-k-no,5.0,Basketball (O),Basketball court
300,103.9534498,1.3535196,201 Tampines Basketball Court,https://lh5.googleusercontent.com/p/AF1QipMs-PmejYh7hlkhYTRCx-chQ5_y8jKHNM0ev6YY=w80-h106-k-no,5.0,Basketball (O),Sports club
301,103.9516852,1.3568171,Basketball Court @ Tampines Blk 450,https://lh5.googleusercontent.com/p/AF1QipOze4vw62NE7fdSMbC2R2EPpBRapjE79ndwVRXd=w80-h106-k-no,3.7,Basketball (O),Basketball court
302,103.953487,1.3648792,Basketball Courts @ Tampines GreenEdge,https://lh5.googleusercontent.com/p/AF1QipN3NLygXvb_t0blPCHUyV_ts7mQ8EYy1KaODOAE=w123-h92-k-no,4.7,Basketball (O),Basketball court
303,103.8368876,1.4616659,Sembawang Park,https://lh5.googleusercontent.com/p/AF1QipPAjWr3l-fr4D-BdIMCttm-N0K1VFFGlE62haBP=w122-h92-k-no,4.4,Running(O),Park
304,103.7912945,1.2838852,Kent Ridge Park,https://lh5.googleusercontent.com/p/AF1QipP-OshPrAv5WSZXpkkCBUPZvp51xxYa11odvZkH=w122-h92-k-no,4.6,Running(O),Park
305,-93.4837305,44.7903875,Canterbury Park,https://lh5.googleusercontent.com/p/AF1QipM8dw2VeTqpYTKBTSl55gDMm5cxid-uHTx0l9tZ=w80-h106-k-no,4.8,Running(O),Park
306,103.8048869,1.2968422,Alexandra Canal Linear Park,https://lh5.googleusercontent.com/p/AF1QipPTeOQvWxAVK9jD-Kpoj9b4J_EWhUBjnml8gmS9=w122-h92-k-no,4.5,Running(O),Park
307,103.9111425,1.4210326,Punggol Point Park,https://lh5.googleusercontent.com/p/AF1QipPRa8kN8GlVOjiUT2V4G7flAE1z5OrswqqwcLre=w92-h92-k-no,4.5,Running(O),Park
308,103.8976583,1.3777014,Punggol Park,https://lh5.googleusercontent.com/p/AF1QipO0EtHYxLhAwRCtyqSOBOMyemx8UnrVC-FKFdzg=w122-h92-k-no,4.4,Running(O),Park
309,103.8474331,1.3585007,Blk 225 Badminton Court,https://lh5.googleusercontent.com/p/AF1QipP_I3kdZgMtUY0-IXCWw2ohCfNjrwGRu89hbjdh=w122-h92-k-no,4.3,Badminton(O),Badminton court
310,103.870723,1.3521204,Braddell Heights CC Street Soccer Court,https://streetviewpixels-pa.googleapis.com/v1/thumbnail?panoid=NTmEL6elJUJTRPtuS3Zdjg&cb_client=search.gws-prod.gps&w=80&h=92&yaw=5.6502047&pitch=0&thumbfov=100,,Football(O),Futsal court
311,103.8857565,1.3249629,Blk 50 Badminton Court,https://lh5.googleusercontent.com/p/AF1QipMgXGp9_Ay1BrRJl8EHlBUm4_GaImKiALfLKib1=w80-h142-k-no,4.0,Badminton(O),Badminton court
312,103.8573321,1.3642954,Blk 469/Blk 470 Sheltered Badminton Court,https://streetviewpixels-pa.googleapis.com/v1/thumbnail?panoid=LgvMpHXRj23jFDiUZTuPPg&cb_client=search.gws-prod.gps&w=80&h=92&yaw=284.9495&pitch=0&thumbfov=100,,Badminton(I),Badminton court
313,103.8745633,1.3714813,Blk 517/Blk 518 Badminton Court,https://lh5.googleusercontent.com/p/AF1QipMM4-OhFZWmV1Phrkr6OYo8lcZ6_gif0E9EM3PP=w80-h177-k-no,,Badminton(O),Badminton court
314,103.871635,1.372643,Blk 552 Badminton Court,https://lh5.googleusercontent.com/p/AF1QipPJ8vGqz0w5Vxi-4br69P241myXXskkMtpwG4Gr=w204-h92-k-no,,Badminton(O),Badminton court
315,103.87738,1.3497404,Lor Lew Lian Badminton Court,https://lh5.googleusercontent.com/p/AF1QipOaQkviF6-e-DM0XLqJUtHidtid4NHriq5gjffS=w204-h92-k-no,,Badminton(O),Badminton court
316,103.8712588,1.36907,Blk 114 Outdoor Badminton Court,https://lh5.googleusercontent.com/p/AF1QipNMFT5VhYkT2LPsvPO79eInQArmvtk_2ulevODG=w204-h92-k-no,,Badminton(O),Badminton court
317,103.8458143,1.3824312,Yio Chu Kang Squash And Tennis Centre,https://lh5.googleusercontent.com/p/AF1QipPxudfFVUyjiPeRTDwfniRJloIxG-jWCGu1Fbyo=w122-h92-k-no,4.3,"Tennis(O)
paid",Squash court
318,103.9066489,1.3781135,Buangkok Forest,https://lh5.googleusercontent.com/p/AF1QipPSR484GJ1kU8jOeMYqPUWOgb38KlcEwC4gWvJc=w163-h92-k-no,4.6,Running (O),National forest
319,103.8801021,1.3531053,Serangoon Park Connector (PCN) trail head,https://lh5.googleusercontent.com/p/AF1QipNqFP2UfP6kjEbNIcHff3cXaPbbEFr6aT4bUm5J=w122-h92-k-no,4.5,Running(O),Hiking area
320,103.8720274,1.3566518,Serangoon Community Park,https://lh5.googleusercontent.com/p/AF1QipPPafD2ztRDh5Ye_pdYIgZ_LG--uHocKjziDLiI=w122-h92-k-no,4.2,Running(O),Park
321,103.8746754,1.3572138,Serangoon ActiveSG Swimming Complex,https://lh5.googleusercontent.com/p/AF1QipP2phQ3whehle6EgwiSooHYq0A_X9QHwtYQshhw=w122-h92-k-no,4.1,"Swimming(O)
paid",Swimming pool
322,103.8464043,1.3833112,Yio Chu Kang ActiveSG Stadium,https://lh5.googleusercontent.com/p/AF1QipOR5UwpeWkP060qbeUzquvQZ0V5Ps1KoYvdkFPH=w122-h92-k-no,4.1,"Football(O)
Running(O)",Stadium
323,103.8763715,1.3709323,Blk 510 Street Soccer Court,https://lh5.googleusercontent.com/p/AF1QipN0aZpYyo-XEsIHt-yL87GRzbCuRFMFLfmjmSjz=w204-h92-k-no,4.7,Football(O),Futsal court
324,103.8748874,1.3559496,Serangoon Stadium,https://lh5.googleusercontent.com/p/AF1QipPTvmlVvdhjPGrvPcanT2ZG_tyHG8yTFlAtHgWd=w122-h92-k-no,4.1,"Football(O)
Running(O)",Stadium
325,103.8544866,1.374918,Blk 536 Basketball Court,https://lh5.googleusercontent.com/p/AF1QipOwo0SQJ970z2_9r1dPsEz3U6HiTgT98SfNI28U=w163-h92-k-no,,Basketball(O),Basketball court
326,103.8576094,1.3655985,Blk 465 Basketball Court,https://lh5.googleusercontent.com/p/AF1QipMsmu6OyKM1VVLljQK_-Suk-qmU6szmVw_B5H8n=w216-h92-k-no,3.3,Basketball(O),Basketball court
327,103.87313,1.3853064,JSP Basketball Court,https://lh5.googleusercontent.com/p/AF1QipNQ71u5bOKdeDoshzZNXbWx3rvw2QUm4FXdkjm-=w204-h92-k-no,,Basketball(O),Basketball court
328,103.8763712,1.3714717,Blk 509 Basketball Court,https://lh5.googleusercontent.com/p/AF1QipOJQa1El-8i_SX9lfhnh78JDgp8OvF0kd11oFNb=w204-h92-k-no,4.4,Basketball(O),Basketball court
329,103.8736269,1.3739318,Blk 537 Basketball Court,https://lh5.googleusercontent.com/p/AF1QipPVyoMPD9DbnRwx0_EJi_PvINYpHiMuX1ZJ6kmy=w122-h92-k-no,4.8,Basketball(O),Basketball court
330,103.8708396,1.3526425,Braddell Heights CC Basketball Court,https://lh5.googleusercontent.com/p/AF1QipMdX_R8OlAeBZAoU19X21Mi0DV6bqLsgfLkRjvl=w122-h92-k-no,4.3,Basketball(O),Basketball court
331,103.876227,1.3492467,Blk 419 Basketball Court,https://lh5.googleusercontent.com/p/AF1QipMBLDNiL1k7NjO4AUdyBTqQShFAkIILA6Ds0yun=w80-h106-k-no,4.5,Basketball(O),Basketball court
332,103.8940302,1.3927683,Sengkang Community Club,https://lh5.googleusercontent.com/p/AF1QipOX83lE1UtNwXvb-QEW8WUbNkiJNUhzgTYGKY3f=w80-h106-k-no,4.2,"Basketball(I)
Badminton(I) paid",Community center
333,103.8287353,1.4515741,Sembawang Community Club,https://lh5.googleusercontent.com/p/AF1QipOYNmZ7Izh6yJPiyds0QaW9tpiCPklEWtz1srMv=w122-h92-k-no,4.1,"Badminton(I)
paid",Community center
334,103.886901,1.3967848,Sengkang ActiveSG Gym,https://lh5.googleusercontent.com/p/AF1QipMvbEeloihnGup3Ji6SxbrKZuJRawZLuG71HbzS=w80-h106-k-no,4.2,"Weightlifting(I)
paid",Gym and Fitness Centre
335,103.9076688,1.3858209,Sungei Serangoon Park Connector,https://lh5.googleusercontent.com/p/AF1QipOzNg-4cw8iJtvTU13CEpPwZjGQY-MKv2UENvJe=w80-h141-k-no,4.5,Running(O),Hiking area
336,103.886901,1.3967848,Sengkang ActiveSG Sports Centre,https://lh5.googleusercontent.com/p/AF1QipOz3eqlP1HNXt-xGYkLIBQkykUQIhBE4weL1ThY=w163-h92-k-no,4.3,"Swimming(O)
Badminton(I)
Weightlifting(I)
paid",Sports complex
337,103.8848743,1.3993143,Sengkang Riverside Park,https://lh5.googleusercontent.com/p/AF1QipMuh6pU9FQRqMgE4nWI99jSYBl7-cTz-1fEppyF=w148-h92-k-no,4.4,Running(O),Park
338,103.8863013,1.3962952,Sengkang Swimming Complex,https://lh5.googleusercontent.com/p/AF1QipMSPUFKXAWsWqXXjtT3KYrrWJD5w9XWepdQxTzG=w163-h92-k-no,4.3,"Swimming(O)
paid",Swimming pool
339,103.8940302,1.3927683,Sengkang CC Futsal Court,https://lh5.googleusercontent.com/p/AF1QipORNgyjv4u6dT3Dw4priz42UZF4WIN8IR4dRM3h=w163-h92-k-no,5.0,"Football(I)
paid",Futsal court
340,103.7013354,1.340054,Street Soccer Court,https://maps.gstatic.com/tactile/pane/result-no-thumbnail-2x.png,5.0,Football(O),Futsal court
341,103.9075206,1.3892448,Rooftop Soccer Court,https://maps.gstatic.com/tactile/pane/result-no-thumbnail-2x.png,,Football(O),Soccer field
342,103.9047244,1.394739,Elias Basketball Court,https://maps.gstatic.com/tactile/pane/result-no-thumbnail-2x.png,5.0,Basketball(O),Basketball court
343,103.8701923,1.3937774,459 Sengkang West Way basketball court,https://maps.gstatic.com/tactile/pane/result-no-thumbnail-2x.png,,Basketball(O),Basketball court
344,103.9085434,1.3882526,Rivervale Basketball Court,https://maps.gstatic.com/tactile/pane/result-no-thumbnail-2x.png,3.2,Basketball(I),Basketball court
345,103.9048941,1.3855655,Basketball Court @ Sengkang east way 121,https://maps.gstatic.com/tactile/pane/result-no-thumbnail-2x.png,4.3,Basketball(O),Basketball court
346,103.907051,1.3904726,Rivervale Crescent Basketball Court,https://maps.gstatic.com/tactile/pane/result-no-thumbnail-2x.png,4.2,Basketball(O),Basketball court
347,103.8778347,1.3934687,Fernvale Basketball Court,https://maps.gstatic.com/tactile/pane/result-no-thumbnail-2x.png,3.6,Basketball(O),Basketball court
348,103.8949481,1.3836969,Compassvale Link Basketball Court,https://maps.gstatic.com/tactile/pane/result-no-thumbnail-2x.png,3.3,Basketball(O),Basketball court
349,103.8940681,1.3845178,272C Sengkang Central Basketball Court,https://maps.gstatic.com/tactile/pane/result-no-thumbnail-2x.png,2.0,Basketball(O),Basketball court
350,103.8936503,1.392073,Sengkang Square Basketball Court,https://maps.gstatic.com/tactile/pane/result-no-thumbnail-2x.png,4.1,Basketball(O),Basketball court
351,103.8197721,1.4449347,Canberra Community Club,https://maps.gstatic.com/tactile/pane/result-no-thumbnail-2x.png,4.1,"Badminton(I)
paid",Community center
352,103.7956936,1.4313969,Blk 578 Badminton Court,https://maps.gstatic.com/tactile/pane/result-no-thumbnail-2x.png,5.0,Badminton(O),Badminton court
353,103.860468,1.359481,Burghley ActiveSG Squash & Tennis Centre,https://maps.gstatic.com/tactile/pane/result-no-thumbnail-2x.png,4.2,"Tennis(O) 
paid",Squash court
354,103.8404774,1.3419497,Braddell View Tennis Courts,https://maps.gstatic.com/tactile/pane/result-no-thumbnail-2x.png,3.0,Tennis(O),Tennis court
355,103.8460446,1.3820842,Yio Chu Kang Tennis Centre,https://maps.gstatic.com/tactile/pane/result-no-thumbnail-2x.png,4.4,Tennis(O),Tennis court
356,103.8227652,1.4342799,Sembawang Hot Spring Park,https://maps.gstatic.com/tactile/pane/result-no-thumbnail-2x.png,4.3,Running(O),Park
357,103.8271932,1.443737,Futsal Pitch at Sendudok Park,https://maps.gstatic.com/tactile/pane/result-no-thumbnail-2x.png,2.0,Football (O),Futsal court
358,103.821866,1.4531946,Sembawang Futsal Court,https://maps.gstatic.com/tactile/pane/result-no-thumbnail-2x.png,,Football (O),Futsal court
359,103.8234421,1.44684,Bukit Canberra ActiveSG Swimming Complex,https://lh5.googleusercontent.com/p/AF1QipPVNJXAsoID2pinE1N6UoGzlbMaPJDjW0rcat0=w80-h106-k-no,3.4,"Swimming(O)
paid",Swimming pool
360,103.8235641,1.4473162,Bukit Canberra ActiveSG Gym,https://lh5.googleusercontent.com/p/AF1QipPrHRxDJLxhIHF9pLGIj6LVpFzmbgu7N8T94o61=w122-h92-k-no,3.7,"Weightlifting(I)
paid",Gym and Fitness Centre
361,103.8239457,1.4488728,Bukit Canberra ActiveSG Sport Hall,https://lh5.googleusercontent.com/p/AF1QipNXYtB6JwnJ2MSZaJyVVrDqkyIKWHU4mB-ShqdC=w148-h92-k-no,4.3,"Badminton(I)
Paid",Sports complex
362,103.8040809,1.4452191,WCP Basketball Court,https://lh5.googleusercontent.com/p/AF1QipNRM52b23Uy_m8hbgO6hGvc-7zUJHYY_YKlqnDn=w123-h92-k-no,4.3,Basketball(O),Basketball court
363,103.817999,1.447443,Badminton court @ Blk 340 (Opposite to Sun Plaza),https://lh5.googleusercontent.com/p/AF1QipOGHLw_dxAbs_oj2umMqcY3sFGxgTjZfblns-h4=w80-h106-k-no,,Badminton(O),Sports club
364,103.8308666,1.4476672,"East Canberra Sports Hardcourts (Basketball, Futsal, Badminton)",https://lh5.googleusercontent.com/p/AF1QipOv__fVCXmMYRqm8ozvN3iN19UoXqmSWX-sI-gC=w122-h92-k-no,3.7,"Basketball(O)
Badminton(O)
Football(O)",Sports complex
365,103.8172879,1.4495873,Basketball Court (Block 357C),https://lh5.googleusercontent.com/p/AF1QipOKTPbfiSpMhXLS_uxxpRptrCGmYm2KDC5Pyq_C=w122-h92-k-no,2.0,Basketball(O),Basketball court
366,103.825092,1.4501949,Basketball court Blk 588,https://lh5.googleusercontent.com/p/AF1QipMFmtcdJAdog2KglNg6ZoPuQvaoTqfyGKhI3k0m=w122-h92-k-no,5.0,Basketball(O),Basketball court
367,103.8219169,1.4529896,Sembawang Sheltered Basketball Court,https://lh5.googleusercontent.com/p/AF1QipMW9cRE5LFBoO6El2-51Xmd64k9kt1gHKBJCgFB=w122-h92-k-no,4.6,Basketball(I),Basketball court
368,103.8131981,1.2960023,SkyParc Dawson Running Track,https://lh5.googleusercontent.com/p/AF1QipNt1MSgS4MHdXPABBbltsZngxSpYjPBIzVwvIM=w122-h92-k-no,5.0,Running(O),Athletic track
369,103.807257,1.2880539,Jalan Rumah Tinggi Badminton Court,https://lh5.googleusercontent.com/p/AF1QipMYpohH6YQJdQ49dzOvADjSzWQOdVH83lHtWMsG=w122-h92-k-no,5.0,Badminton(O),Badminton court
370,103.8205,1.2905846,Delta Sports Hall,https://lh5.googleusercontent.com/p/AF1QipNWdPzvYf5GHj910AuLLVwSTEGn2ENaFFp016yc=w122-h92-k-no,4.0,"Badminton(O) 
paid",Badminton court
371,103.8122134,1.287476,Badminton Court @ Blk 51 Lengkok Bahru,https://lh5.googleusercontent.com/p/AF1QipPmDOFBydV3CtWAfOo0N031--ISo6MpCI_HUhIR=w122-h92-k-no,2.0,Badminton(O),Badminton court
372,103.7822143,1.3058706,Badminton court - Blk 28C Dover Crescent,https://lh5.googleusercontent.com/p/AF1QipN0Xnsnv78QHgj3hJDFk67OpAf5NcXkc6jjJeH1=w80-h106-k-no,3.0,Badminton(O),Badminton court
373,103.8040024,1.2984825,Badminton court - Blk 32A Margaret Drive,https://lh5.googleusercontent.com/p/AF1QipOx8CSNuOlt0zJNYlh5jfhOQzIytYX13ZFQhs-W=w80-h106-k-no,3.0,Badminton(O),Badminton court
374,103.786264,1.3088305,Badminton court - Blk 23 Ghim Moh Link (3rd Flr),https://lh5.googleusercontent.com/p/AF1QipOLVpPw50G2-e1w9jm_e1XAjOXtH2FsltReGHgR=w122-h92-k-no,3.0,Badminton(O),Badminton court
375,103.7881655,1.3132104,Badminton court - Blk 4 Ghim Moh Rd,https://lh5.googleusercontent.com/p/AF1QipOK-d6bJh64gFFPM32knEtISOihq-iituFT-lMI=w80-h106-k-no,2.0,Badminton(O),Badminton court
376,103.8099048,1.2960052,Badminton court - Blk 87 Skyville@Dawson,https://lh5.googleusercontent.com/p/AF1QipNqnDUTinOUw3s3ZbqDLLqIr3cvw853FC_kKJA3=w80-h106-k-no,2.0,Badminton(O),Badminton court
377,103.8120997,1.2954826,Badminton court- SkyTerrace@Dawson,https://lh5.googleusercontent.com/p/AF1QipPsJOI3sIihBftk5GtPsvre609eEnmT9-BbNHu8=w80-h106-k-no,3.0,Badminton(O),Badminton court
378,103.7988274,1.3070666,Badminton court- Blk 110 Commonwealth Crescent,https://lh5.googleusercontent.com/p/AF1QipOEMHAmEvDegWXZBzGsK0r74dwwjC4n2DNtZ7Cg=w80-h106-k-no,3.0,Badminton(O),Badminton court
379,103.7956732,1.3095268,Badminton court - Blk 2 Holland Ave,https://lh5.googleusercontent.com/p/AF1QipO-_uVsQuyMFV0HWRURtuzCIqheUocewLohmvoP=w80-h106-k-no,2.0,Badminton(O),Badminton court
380,103.801115,1.3054619,Badminton court - Blk 95 Commonwealth Drive,https://lh5.googleusercontent.com/p/AF1QipM1z4Kn4CCcB7O8MmEnvtFkX60lOZr3A5Ko-OXb=w80-h106-k-no,4.0,Badminton(O),Badminton court
381,103.7996652,1.305463,Badminton court - Blk 90 Commonwealth Drive,https://lh5.googleusercontent.com/p/AF1QipNR1rZvDUc33Cmkh96_1rcmwrGsQ1aa6rQlZ_m4=w80-h106-k-no,3.0,Badminton(O),Badminton court
382,103.8089222,1.2937799,Badminton court @ 50 Strathmore Ave,https://lh5.googleusercontent.com/p/AF1QipOocbwfh3AUgYZPvnRmQi8DZwsJ1jPub2bbGfOs=w80-h106-k-no,2.0,Badminton(O),Badminton court
383,103.858035,1.291814,MBPSPORTS & Bliss Padel @ Marina Sports Centre,https://lh5.googleusercontent.com/p/AF1QipNC-1SW_45W8swZKkP39GMJfTgjAx4rcOChwMQR=w80-h106-k-no,4.4,"Tennis(O)
paid",Sports club
384,103.8174061,1.304527,SITA Tennis Academy Main Centre,https://lh5.googleusercontent.com/p/AF1QipPh0nWiVuu8hYFkxZ4Q-XS--OqkwRCxv6TQErI=w138-h92-k-no,4.6,"Tennis (O)
paid",Tennis club
385,103.8013289,1.3050779,Public Badminton Court (Outdoor),https://lh5.googleusercontent.com/p/AF1QipPgm0KtjOTg1xFPLckq78p2UxMqVr_8OCs4mhqt=w163-h92-k-no,2.0,Badminton(O),Badminton court
386,103.7953863,1.2861567,Winchester Tennis Arena,https://lh5.googleusercontent.com/p/AF1QipNS_UbNmgzdNbMdq434NUjZOpSepB3zB1tLP3ij=w122-h92-k-no,4.3,"Tennis(I)
Paid",Tennis court
387,103.9008721,1.3171808,Kampong Ubi CC basketball court,https://lh5.googleusercontent.com/p/AF1QipN6rDKvYqmOR8446SlK6-LMQiMnkBZrX6tiU3Dx=w80-h106-k-no,4.3,Basketball(O),Basketball court
388,103.8570793,1.3416551,Potong Pasir Town Basketball Court,https://lh5.googleusercontent.com/p/AF1QipM2hOWW7nLrMD6cD0u_4zARKP7uLIIeIV0qVyqE=w204-h92-k-no,5.0,Basketball(O),Basketball court
389,103.7464805,1.3626181,Basketball Court (Blk 419),https://lh5.googleusercontent.com/p/AF1QipNXlmZg_emjb6eIqryo7RMYYWjF8J_07JSLp-yl=w199-h92-k-no,,Basketball(O),Basketball court
390,103.7524983,1.3479049,Block 224 Bukit Batok Basketball Court,https://lh5.googleusercontent.com/p/AF1QipNSuTX7O8bdaYgEErFOjhtex_RxfcgCu0FYsLvY=w80-h106-k-no,4.8,Basketball(I),Basketball court
391,103.7977864,1.2974862,Tanglin Halt Futsal Court,https://lh5.googleusercontent.com/p/AF1QipPz8Hl_IjJUS5IvQzjRRB0Te6-BkDfEnSCbfFOY=w163-h92-k-no,3.0,Football(O),Futsal court
392,103.8671783,1.332602,ikun basketball court,https://lh5.googleusercontent.com/p/AF1QipMzCCNzNxLqppf-muMSLwWQo_XnTuDnOMrn7K4w=w122-h92-k-no,4.5,Basketball(O),Basketball court
393,103.7479703,1.3574459,Block 304 Bukit Batok Basketball Court,https://lh5.googleusercontent.com/p/AF1QipOhHDLW2o4vRPY6AEuAmGSwoQnXoqX28AzwVemc=w80-h106-k-no,4.6,Basketball(O),Basketball court
394,103.752228,1.359667,Bukit Gombak MRT Basketball Court,https://lh5.googleusercontent.com/p/AF1QipMQT68N0175ZRwXsDrucs6ILFjrXnsVd15c0U9e=w80-h106-k-no,5.0,Basketball(O),Basketball court
395,103.7926982,1.3094603,Buona Vista Community Club,https://lh5.googleusercontent.com/p/AF1QipOCDjhABQDmuIgTySI-EKuiaDmzJVaH3DxGATbz=w163-h92-k-no,4.2,"Basketball(I)
Badminton(I)",Community center
396,103.8259291,1.274564,Basketball court - Blk 112 Bukit Purmei,https://lh5.googleusercontent.com/p/AF1QipPdR1Tly1rdPVAnLlqqri0AJrBFUWUrPdATkBeW=w122-h92-k-no,4.0,Basketball(O),Basketball court
397,103.7709524,1.3765093,Bukit Panjang CC Basketball Court,https://lh5.googleusercontent.com/p/AF1QipP5-4qp7vwGl_ODWptR8DqfluhjJwZ__BLNxVz6=w80-h106-k-no,2.4,Basketball(O),Basketball court
398,103.8423478,1.2774596,Tanjong Pagar Basketball Court,https://lh5.googleusercontent.com/p/AF1QipNV5tZlDFrtdIBnddvtCflHxj3RhAWFCn-7zGgk=w122-h92-k-no,4.3,Basketball(O),Basketball court
399,103.8409469,1.2773848,Pinnacle @ Duxton Basketball Court,https://lh5.googleusercontent.com/p/AF1QipNJ7_QlTXZWC5sxHE9aV9DM3hlbKSmAe0zhHpO2=w80-h106-k-no,4.3,Basketball(O),Basketball court
400,103.8389556,1.2875422,Blk 8 Jalan Kukoh Basketball court,https://lh5.googleusercontent.com/p/AF1QipOKUTA_BGqUMeWmoUgk93_9aCUkw9QVhzpfNAyf=w122-h92-k-no,4.0,Basketball(O),Basketball court
401,103.7965048,1.3073225,Holland Close Street Soccer Court,https://lh5.googleusercontent.com/p/AF1QipOC-90fQcSwhProJftIHYdmmxOV_rhbys0k6cY-=w122-h92-k-no,,Football(O),Futsal court
402,103.8196189,1.276233,Radin Mas CC Sheltered Basketball Court,https://lh5.googleusercontent.com/p/AF1QipNxqu5NBjdHzdL0cpwBNuLetry8uoiu_Li-ANvW=w122-h92-k-no,4.0,Basketball(I),Basketball court
403,103.8204487,1.286952,Blk 93 Henderson Rd - Basketball Court,https://lh5.googleusercontent.com/p/AF1QipOKNxuKQRDlP9sQz3nRllTpTlUZILMG3XvSK3aA=w122-h92-k-no,3.0,Basketball(O),Basketball court
404,103.8250202,1.2833739,25B Lower Delta Rd Basketball Court,https://lh5.googleusercontent.com/p/AF1QipMYlovaoyt-V-_e-HU_D9b2BqQv7NkvcUjgMF3s=w80-h106-k-no,4.0,Basketball(O),Basketball court
405,103.8257097,1.2791947,Basketball court - Blk 108 Jalan Bukit Merah,https://lh5.googleusercontent.com/p/AF1QipMkm5dez7lIL23uLAd5cYA3Lr_gyGR6ghj3C6XY=w122-h92-k-no,4.0,Basketball(O),Basketball court
406,149.1306993,-35.2896074,Commonwealth Park,https://lh5.googleusercontent.com/p/AF1QipPX76inkO_HmwpIuhWk7s1yCYoHwx-sEZUlLG0O=w122-h92-k-no,4.5,Running(O),Park
407,103.8310287,1.2894666,Kim Seng Community Center Basketball court,https://streetviewpixels-pa.googleapis.com/v1/thumbnail?panoid=GpoqKfLJupC_wPaxWbnmJw&cb_client=search.gws-prod.gps&w=80&h=92&yaw=339.0498&pitch=0&thumbfov=100,,Basketball(O),Basketball court
408,103.8187651,1.2847645,Basketball Court @ Blk 90 Redhill Close,https://lh5.googleusercontent.com/p/AF1QipN8RcD24fGWCLFRBxvAfuV1UWCTkB1Omt2zEiNo=w80-h106-k-no,4.0,Basketball(O),Basketball court
409,103.809224,1.287371,Rumah Tinggi Outdoor Basketball Court,https://lh5.googleusercontent.com/p/AF1QipNi5YgHgHBdLtNWs5huQWkjWPkpj541R9ODb4pf=w122-h92-k-no,2.8,Basketball(O),Basketball court
410,103.7985689,1.3055554,Sports @ Buona Vista,https://lh5.googleusercontent.com/p/AF1QipNP9XvavpvkWQ8_aAwKfeUYt5IGHqsyc-MR4WFT=w122-h92-k-no,4.0,Basketball(I),Sports complex
411,103.7867787,1.2979036,Basketball Court @ JTC LaunchPad @ one-north,https://lh5.googleusercontent.com/p/AF1QipMzxZXVj0HIa661nTouKJdxAUZInftZ0MV-cmB8=w80-h120-k-no,4.3,Basketball(O),Basketball court
412,103.8015646,1.2988065,Queenstown Community Centre,https://lh5.googleusercontent.com/p/AF1QipOaot73hTFt-HwjIoCOnCeP13c4-SQA2s-_J35Y=w157-h92-k-no,4.2,Basketball(O),Community center
413,103.9059834,1.4101557,SAFRA Punggol,https://lh5.googleusercontent.com/p/AF1QipMBHDHWjYjbfki_yL0FCYIfcHDdRYEE_CDU33E7=w248-h92-k-no,4.2,"Football(O)
Basketball(O)
Swimming Pool(O)
Tennis(O)
Badminton(I)
Paid",Recreation center
414,103.9187549,1.4068772,Punggol Promenade Nature Walk,https://lh5.googleusercontent.com/p/AF1QipNe1z9D3_TQ3KTrGRxj8Ih0_VF-sfxp0Uj6cUH1=w122-h92-k-no,,Running(O),
415,103.9044621,1.4111377,Punggol Waterway Park,https://lh5.googleusercontent.com/p/AF1QipM6KANkd07OMc3duH-_3oxsWtJtaZ2rYr5Ic4-W=w80-h142-k-no,4.5,Running(O),Park
416,103.9078963,1.3957179,Punggol Meridian Basketball Court,https://streetviewpixels-pa.googleapis.com/v1/thumbnail?panoid=1Dbq9VBe_eeWQgwgpd17aw&cb_client=search.gws-prod.gps&w=80&h=92&yaw=194.03285&pitch=0&thumbfov=100,5.0,Basketball(O),Basketball court
417,103.904774,1.402381,295 Badminton court,https://lh5.googleusercontent.com/p/AF1QipNbkdsQ9TJLbm1MfTpqKng4H40jzbJh4tF7o8Pd=w81-h92-k-no,5.0,Badminton(O),Badminton court
418,103.9017656,1.402375,273 Badminton Court,https://lh5.googleusercontent.com/p/AF1QipP4vRTiHRI4yxR76mWSKSj38b1Z1GhqNeI85Vmk=w122-h92-k-no,5.0,Badminton(O),Badminton court
419,103.8989929,1.4151523,badminton punggol,https://lh5.googleusercontent.com/p/AF1QipP8ZDX47o8oddjVGzM4xnW_0-9Qn98YlSSmzifS=w80-h142-k-no,5.0,Badminton(O),Park
420,103.8989929,1.4151523,OBA Arena @ Punggol,https://lh5.googleusercontent.com/p/AF1QipMQlpBkx_h2uhSmXFkxvtPCl05yL1J1RSpKPksI=w122-h92-k-no,2.5,"Badminton(I)
Paid",Sports club
421,103.9140353,1.4002756,Edgedale Green Basement Basketball Court,https://lh5.googleusercontent.com/p/AF1QipMGOc2GOfAXZU-p760tlkb145nABv_v7OGlkEYf=w80-h106-k-no,5.0,Basketball(O),Basketball court
422,103.9059049,1.4011127,Common Green Basketball Court,https://lh5.googleusercontent.com/p/AF1QipO0VxVox7UT7IasvhvIWRbB5q8eA2XOBjJhLB2d=w80-h106-k-no,4.0,Basketball(O),Basketball court
423,103.9003792,1.4017884,211A Punggol Walk Basketball Court,https://lh5.googleusercontent.com/p/AF1QipOL9ai0wKCEz8jKsV1K8v57Jr6xO_l8OKijNczZ=w122-h92-k-no,4.4,Basketball(O),Basketball court
424,103.904483,1.4090004,Punggol Green Basketball Court,https://lh5.googleusercontent.com/p/AF1QipNYk09RcFUSPnrVyn81RJvoPHLZoqUQES-SkbwN=w122-h92-k-no,4.2,Basketball(I),Basketball court
425,103.8859787,1.3695136,Hougang ActiveSG Stadium,https://lh5.googleusercontent.com/p/AF1QipOqFLYcQUtuOkwyLVusJIFhoyJdZDM9ljKW051g=w163-h92-k-no,4.3,"Running (O)
Soccer (O)",Stadium
426,103.7013354,1.340054,Street Soccer Court,https://lh5.googleusercontent.com/p/AF1QipMcP-kQ0Ve-e_s15LMoFW818-JiX279GEYfQMwo=w80-h106-k-no,,Soccer (O),Futsal court
427,103.8951563,1.3650009,Blk 315 Street Soccer Court,https://lh5.googleusercontent.com/p/AF1QipNgehlFvosL1HLGXCxf9ZoPH4e3MFmATUC_EY-o=w80-h106-k-no,,Soccer (O),Futsal court
428,103.8799663,1.3729125,CYSP Street Soccer Court,https://lh5.googleusercontent.com/p/AF1QipMZGywacEdBXBGPZa7zGJsWxuX32xo6-yqmaaWJ=w80-h106-k-no,,Soccer (O),Futsal court
429,103.8988611,1.3711016,Blk 341 Upper Court (Street Soccer Court),https://lh5.googleusercontent.com/p/AF1QipMxwwNKrVU8oT1woLiOcN1IFyt9AaUna3foQU1n=w80-h106-k-no,,Soccer (O),Futsal court
430,103.8992226,1.3710687,Blk 341 Football Field,https://lh5.googleusercontent.com/p/AF1QipOJ-eFnNYjl__mfTAHH09TJ1hGdGciYmiIN4qSe=w163-h92-k-no,4.2,Soccer (O),Soccer field
431,103.891819,1.3751618,"Football Field (Hougang, Grass, 11-a-side) Punggol Community Club",https://lh5.googleusercontent.com/p/AF1QipOG2vaSdLkh2aShYrmuKPvJ0qBzU4LvjDzUbCOr=w122-h92-k-no,,Soccer (O),Soccer field
432,103.8794075,1.382413,Buangkok Sports Park,https://lh5.googleusercontent.com/p/AF1QipO7DDim8kCafleytwAHCfl_1KXFZ9k49a5o079t=w119-h92-k-no,3.9,"Tennis (O)
Soccer (O)",Park
433,103.903334,1.3796647,Hougang PCN,https://lh5.googleusercontent.com/p/AF1QipOYBZQ_Oin9fIZaodbRZtEsrNO8cQCOEYPnT4c5=w122-h92-k-no,4.0,Running (O),Hiking area
434,103.895676,1.362114,Serangoon PCN,https://lh5.googleusercontent.com/p/AF1QipPf4NAcknnBqz4eFE-9Le05yp8cPF7Mwzll7Zg9=w80-h106-k-no,4.5,Running (O),Hiking area
